{
	"texture_size": [32, 32],
	"textures": {
		"1": "item/adventurer_pickaxe"
	},
	"elements": [
		{
			"from": [6.5, -10.001, 6.999],
			"to": [9.502, -6.999, 9.001],
			"rotation": {"angle": 45, "axis": "z", "origin": [8.001, -8.5, 8]},
			"faces": {
				"north": {"uv": [4, 5, 5.5, 6.5], "texture": "#1"},
				"east": {"uv": [8.5, 0, 9.5, 1.5], "texture": "#1"},
				"south": {"uv": [5.5, 5, 7, 6.5], "texture": "#1"},
				"west": {"uv": [8.5, 1.5, 9.5, 3], "texture": "#1"},
				"up": {"uv": [10, 4, 8.5, 3], "texture": "#1"},
				"down": {"uv": [5.5, 8.5, 4, 9.5], "texture": "#1"}
			}
		},
		{
			"from": [7, -8, 7],
			"to": [9, 15, 9],
			"rotation": {"angle": 0, "axis": "y", "origin": [0, 21.8, 0]},
			"faces": {
				"north": {"uv": [0, 0, 1, 11.5], "texture": "#1"},
				"east": {"uv": [1, 0, 2, 11.5], "texture": "#1"},
				"south": {"uv": [2, 0, 3, 11.5], "texture": "#1"},
				"west": {"uv": [3, 0, 4, 11.5], "texture": "#1"},
				"up": {"uv": [9.5, 5, 8.5, 4], "texture": "#1"},
				"down": {"uv": [10, 5, 9, 6], "texture": "#1"}
			}
		},
		{
			"from": [16.02477, 10.6, 7],
			"to": [18.02477, 11.6, 9],
			"rotation": {"angle": -45, "axis": "z", "origin": [16.02477, 11.6, 7.5]},
			"faces": {
				"north": {"uv": [7, 6, 8, 6.5], "texture": "#1"},
				"east": {"uv": [10, 3, 11, 3.5], "texture": "#1"},
				"south": {"uv": [10, 3.5, 11, 4], "texture": "#1"},
				"west": {"uv": [5, 10, 6, 10.5], "texture": "#1"},
				"up": {"uv": [8.5, 10, 7.5, 9], "texture": "#1"},
				"down": {"uv": [9.5, 9, 8.5, 10], "texture": "#1"}
			}
		},
		{
			"from": [12.49, 11.49, 6.99],
			"to": [16.51, 13.51, 9.01],
			"rotation": {"angle": -22.5, "axis": "z", "origin": [12.5, 13.5, 7.5]},
			"faces": {
				"north": {"uv": [4, 6.5, 6, 7.5], "texture": "#1"},
				"east": {"uv": [9.5, 0, 10.5, 1], "texture": "#1"},
				"south": {"uv": [6, 6.5, 8, 7.5], "texture": "#1"},
				"west": {"uv": [9.5, 1, 10.5, 2], "texture": "#1"},
				"up": {"uv": [9, 6, 7, 5], "texture": "#1"},
				"down": {"uv": [6, 7.5, 4, 8.5], "texture": "#1"}
			}
		},
		{
			"from": [3.48, 10.98, 6.98],
			"to": [12.52, 14.02, 9.02],
			"rotation": {"angle": 0, "axis": "y", "origin": [7.49, 10.74, 7.99]},
			"faces": {
				"north": {"uv": [4, 0, 8.5, 1.5], "texture": "#1"},
				"east": {"uv": [5.5, 8.5, 6.5, 10], "texture": "#1"},
				"south": {"uv": [4, 0, 8.5, 1.5], "texture": "#1"},
				"west": {"uv": [6.5, 8.5, 7.5, 10], "texture": "#1"},
				"up": {"uv": [8.5, 4, 4, 3], "texture": "#1"},
				"down": {"uv": [8.5, 4, 4, 5], "texture": "#1"}
			}
		},
		{
			"from": [-0.51, 11.49, 6.99],
			"to": [3.51, 13.51, 9.01],
			"rotation": {"angle": 22.5, "axis": "z", "origin": [3.5, 13.5, 7.5]},
			"faces": {
				"north": {"uv": [6, 7.5, 8, 8.5], "texture": "#1"},
				"east": {"uv": [9.5, 2, 10.5, 3], "texture": "#1"},
				"south": {"uv": [8, 6, 10, 7], "texture": "#1"},
				"west": {"uv": [4, 9.5, 5, 10.5], "texture": "#1"},
				"up": {"uv": [10, 8, 8, 7], "texture": "#1"},
				"down": {"uv": [10, 8, 8, 9], "texture": "#1"}
			}
		},
		{
			"from": [-2.02477, 10.6, 7],
			"to": [-0.02477, 11.6, 9],
			"rotation": {"angle": 45, "axis": "z", "origin": [-0.02477, 11.6, 7.5]},
			"faces": {
				"north": {"uv": [10, 5, 11, 5.5], "texture": "#1"},
				"east": {"uv": [10, 5.5, 11, 6], "texture": "#1"},
				"south": {"uv": [6, 10, 7, 10.5], "texture": "#1"},
				"west": {"uv": [10, 6, 11, 6.5], "texture": "#1"},
				"up": {"uv": [10.5, 5, 9.5, 4], "texture": "#1"},
				"down": {"uv": [10.5, 9, 9.5, 10], "texture": "#1"}
			}
		}
	],
	"gui_light": "front",
	"display": {
		"thirdperson_righthand": {
			"rotation": [0, -90, 0],
			"translation": [0, 3.75, 1.25],
			"scale": [0.6, 0.6, 0.6]
		},
		"thirdperson_lefthand": {
			"rotation": [0, 90, 0],
			"translation": [0, 3.75, 1.25],
			"scale": [0.6, 0.6, 0.6]
		},
		"firstperson_righthand": {
			"rotation": [20, -90, 0],
			"translation": [2, 3.25, 0],
			"scale": [0.6, 0.6, 0.6]
		},
		"firstperson_lefthand": {
			"rotation": [20, 90, 0],
			"translation": [2, 3.25, 0],
			"scale": [0.6, 0.6, 0.6]
		},
		"ground": {
			"rotation": [0, 0, -45],
			"translation": [2.5, 7, 0],
			"scale": [0.5, 0.5, 0.5]
		},
		"gui": {
			"rotation": [0, 0, -45],
			"translation": [1, 1, -0.75],
			"scale": [0.6, 0.6, 0.6]
		},
		"head": {
			"rotation": [0, 0, 45],
			"translation": [9.75, 7.5, 0.75],
			"scale": [0.6, 0.6, 0.6]
		},
		"fixed": {
			"rotation": [0, -180, -45],
			"translation": [-1.75, 1.75, -0.75],
			"scale": [0.7, 0.7, 0.7]
		}
	},
	"groups": [
		{
			"name": "axe",
			"origin": [8, 8, 8],
			"color": 0,
			"children": [
				{
					"name": "pommel",
					"origin": [8, 8, 8],
					"color": 0,
					"children": [0]
				},
				{
					"name": "grip",
					"origin": [8, 8, 8],
					"color": 0,
					"children": [1,
						{
							"name": "handle",
							"origin": [8, 8, 8],
							"color": 0,
							"children": []
						}
					]
				},
				{
					"name": "guard",
					"origin": [8, 8, 8],
					"color": 0,
					"children": [
						{
							"name": "cross-guard",
							"origin": [8, 8, 8],
							"color": 0,
							"children": [
								{
									"name": "gem",
									"origin": [8, 8, 8],
									"color": 0,
									"children": []
								},
								{
									"name": "blade",
									"origin": [8, 8, 8],
									"color": 0,
									"children": [2, 3, 4, 5, 6]
								}
							]
						}
					]
				}
			]
		}
	]
}