{
	"credit": "Made with Blockbench",
	"texture_size": [64, 64],
	"textures": {
		"0": "item/dungeonend_skin",
		"particle": "item/dungeonend_skin"
	},
	"elements": [
		{
			"from": [6, 19.5, 6],
			"to": [10, 21.5, 10],
			"rotation": {"angle": 0, "axis": "y", "origin": [15, 27.5, 15]},
			"faces": {
				"north": {"uv": [4, 1.5, 5, 2], "texture": "#0"},
				"east": {"uv": [4.25, 3.75, 5.25, 4.25], "texture": "#0"},
				"south": {"uv": [4.75, 0, 5.75, 0.5], "texture": "#0"},
				"west": {"uv": [4.75, 0.5, 5.75, 1], "texture": "#0"},
				"up": {"uv": [3, 4, 2, 3], "texture": "#0"},
				"down": {"uv": [4, 3, 3, 4], "texture": "#0"}
			}
		},
		{
			"from": [2.25345, 22.33519, 6.01],
			"to": [3.25345, 24.33519, 9.99],
			"rotation": {"angle": 22.5, "axis": "z", "origin": [11.25345, 30.33519, 15]},
			"faces": {
				"north": {"uv": [7.75, 0.5, 8, 1], "texture": "#0"},
				"east": {"uv": [4.75, 1, 5.75, 1.5], "texture": "#0"},
				"south": {"uv": [7.75, 1, 8, 1.5], "texture": "#0"},
				"west": {"uv": [4.75, 3, 5.75, 3.5], "texture": "#0"},
				"up": {"uv": [5, 7.5, 4.75, 6.5], "texture": "#0"},
				"down": {"uv": [6.25, 6.75, 6, 7.75], "texture": "#0"}
			}
		},
		{
			"from": [12.74655, 22.33519, 6.01],
			"to": [13.74655, 24.33519, 9.99],
			"rotation": {"angle": -22.5, "axis": "z", "origin": [4.74655, 30.33519, 15]},
			"faces": {
				"north": {"uv": [7.75, 1.5, 8, 2], "texture": "#0"},
				"east": {"uv": [4.25, 5, 5.25, 5.5], "texture": "#0"},
				"south": {"uv": [7.75, 2, 8, 2.5], "texture": "#0"},
				"west": {"uv": [5, 1.5, 6, 2], "texture": "#0"},
				"up": {"uv": [6.5, 7.75, 6.25, 6.75], "texture": "#0"},
				"down": {"uv": [7, 1, 6.75, 2], "texture": "#0"}
			}
		},
		{
			"from": [8.74655, 24.33519, 6.01],
			"to": [20.74655, 26.33519, 9.99],
			"rotation": {"angle": -22.5, "axis": "z", "origin": [4.74655, 30.33519, 15]},
			"faces": {
				"north": {"uv": [2, 2, 5, 2.5], "texture": "#0"},
				"east": {"uv": [5, 2, 6, 2.5], "texture": "#0"},
				"south": {"uv": [2, 2.5, 5, 3], "texture": "#0"},
				"west": {"uv": [5, 2.5, 6, 3], "texture": "#0"},
				"up": {"uv": [3, 1, 0, 0], "texture": "#0"},
				"down": {"uv": [3, 1, 0, 2], "texture": "#0"}
			}
		},
		{
			"from": [24.92682, 27.24466, 6.51],
			"to": [26.92682, 29.24466, 9.49],
			"rotation": {"angle": -45, "axis": "z", "origin": [10.92682, 33.24466, 15]},
			"faces": {
				"north": {"uv": [6.5, 6, 7, 6.5], "texture": "#0"},
				"east": {"uv": [3.5, 6, 4.25, 6.5], "texture": "#0"},
				"south": {"uv": [6.75, 2, 7.25, 2.5], "texture": "#0"},
				"west": {"uv": [4.25, 6, 5, 6.5], "texture": "#0"},
				"up": {"uv": [6.5, 6.75, 6, 6], "texture": "#0"},
				"down": {"uv": [6.5, 1.5, 6, 2.25], "texture": "#0"}
			}
		},
		{
			"from": [26.92682, 27.24466, 7.01],
			"to": [27.92682, 29.24466, 8.99],
			"rotation": {"angle": -45, "axis": "z", "origin": [10.92682, 33.24466, 15]},
			"faces": {
				"north": {"uv": [7.75, 2.5, 8, 3], "texture": "#0"},
				"east": {"uv": [6.75, 2.5, 7.25, 3], "texture": "#0"},
				"south": {"uv": [7.75, 3, 8, 3.5], "texture": "#0"},
				"west": {"uv": [6.75, 3, 7.25, 3.5], "texture": "#0"},
				"up": {"uv": [8, 4, 7.75, 3.5], "texture": "#0"},
				"down": {"uv": [8, 5, 7.75, 5.5], "texture": "#0"}
			}
		},
		{
			"from": [2.91134, 23.10894, 6.5],
			"to": [6.91134, 25.10894, 9.5],
			"rotation": {"angle": 0, "axis": "z", "origin": [-1.08866, 29.10894, 15]},
			"faces": {
				"north": {"uv": [5, 4.25, 6, 4.75], "texture": "#0"},
				"east": {"uv": [5.25, 5.25, 6.25, 5.75], "texture": "#0"},
				"south": {"uv": [5.25, 3.5, 6.25, 4], "texture": "#0"},
				"west": {"uv": [5.25, 4.75, 6.25, 5.25], "texture": "#0"},
				"up": {"uv": [4, 1, 3, 0], "texture": "#0"},
				"down": {"uv": [4, 1, 3, 2], "texture": "#0"}
			}
		},
		{
			"from": [-2.01043, 19.74299, 7],
			"to": [1.98957, 21.74299, 9],
			"rotation": {"angle": 22.5, "axis": "z", "origin": [-6.01043, 25.74299, 15]},
			"faces": {
				"north": {"uv": [2, 5.5, 3, 6], "texture": "#0"},
				"east": {"uv": [6.75, 4, 7.25, 4.5], "texture": "#0"},
				"south": {"uv": [3, 5.5, 4, 6], "texture": "#0"},
				"west": {"uv": [6.75, 4.5, 7.25, 5], "texture": "#0"},
				"up": {"uv": [5, 6, 4, 5.5], "texture": "#0"},
				"down": {"uv": [6, 5.75, 5, 6.25], "texture": "#0"}
			}
		},
		{
			"from": [-6.51043, 15.99299, 6.5],
			"to": [-0.51043, 16.99299, 7.5],
			"rotation": {"angle": 45, "axis": "z", "origin": [-8.51043, 20.99299, 15]},
			"faces": {
				"north": {"uv": [6.75, 5, 7.75, 5.25], "texture": "#0"},
				"east": {"uv": [4, 3.75, 4.25, 4], "texture": "#0"},
				"south": {"uv": [6.75, 5.25, 7.75, 5.5], "texture": "#0"},
				"west": {"uv": [5, 4.75, 5.25, 5], "texture": "#0"},
				"up": {"uv": [7.75, 5.75, 6.75, 5.5], "texture": "#0"},
				"down": {"uv": [7.75, 5.75, 6.75, 6], "texture": "#0"}
			}
		},
		{
			"from": [-6.51043, 15.99299, 8.5],
			"to": [-0.51043, 16.99299, 9.5],
			"rotation": {"angle": 45, "axis": "z", "origin": [-8.51043, 20.99299, 17]},
			"faces": {
				"north": {"uv": [0, 7, 1, 7.25], "texture": "#0"},
				"east": {"uv": [5, 5.5, 5.25, 5.75], "texture": "#0"},
				"south": {"uv": [2, 7, 3, 7.25], "texture": "#0"},
				"west": {"uv": [6, 4.5, 6.25, 4.75], "texture": "#0"},
				"up": {"uv": [4, 7.25, 3, 7], "texture": "#0"},
				"down": {"uv": [6, 7, 5, 7.25], "texture": "#0"}
			}
		},
		{
			"from": [-7.0257, 17.71885, 6.5],
			"to": [-7.0257, 21.71885, 7.5],
			"rotation": {"angle": -22.5, "axis": "z", "origin": [-11.0257, 13.71885, 15]},
			"faces": {
				"north": {"uv": [0, 0, 0, 1], "texture": "#0"},
				"east": {"uv": [1, 7, 1.25, 8], "texture": "#0"},
				"south": {"uv": [0, 0, 0, 1], "texture": "#0"},
				"west": {"uv": [1.25, 7, 1.5, 8], "texture": "#0"},
				"up": {"uv": [0, 0.25, 0, 0], "texture": "#0"},
				"down": {"uv": [0, 0, 0, 0.25], "texture": "#0"}
			}
		},
		{
			"from": [-7.02478, 17.71847, 8.5],
			"to": [-7.02478, 21.71847, 9.5],
			"rotation": {"angle": -22.5, "axis": "z", "origin": [-11.02478, 13.71847, 17]},
			"faces": {
				"north": {"uv": [0, 0, 0, 1], "texture": "#0"},
				"east": {"uv": [4, 7, 4.25, 8], "texture": "#0"},
				"south": {"uv": [0, 0, 0, 1], "texture": "#0"},
				"west": {"uv": [4.25, 7, 4.5, 8], "texture": "#0"},
				"up": {"uv": [0, 0.25, 0, 0], "texture": "#0"},
				"down": {"uv": [0, 0, 0, 0.25], "texture": "#0"}
			}
		},
		{
			"from": [7, 21.5, 7],
			"to": [9, 25.5, 9],
			"rotation": {"angle": 0, "axis": "y", "origin": [15, 29.5, 15]},
			"faces": {
				"north": {"uv": [5.75, 0, 6.25, 1], "texture": "#0"},
				"east": {"uv": [2, 6, 2.5, 7], "texture": "#0"},
				"south": {"uv": [2.5, 6, 3, 7], "texture": "#0"},
				"west": {"uv": [3, 6, 3.5, 7], "texture": "#0"},
				"up": {"uv": [7, 7.5, 6.5, 7], "texture": "#0"},
				"down": {"uv": [7.5, 7, 7, 7.5], "texture": "#0"}
			}
		},
		{
			"from": [7.90506, 27.10474, 7.01],
			"to": [11.90506, 28.10474, 8.99],
			"rotation": {"angle": -22.5, "axis": "z", "origin": [3.90506, 34.10474, 15]},
			"faces": {
				"north": {"uv": [7, 0, 8, 0.25], "texture": "#0"},
				"east": {"uv": [4.75, 3.5, 5.25, 3.75], "texture": "#0"},
				"south": {"uv": [7, 0.25, 8, 0.5], "texture": "#0"},
				"west": {"uv": [7.75, 4, 8.25, 4.25], "texture": "#0"},
				"up": {"uv": [6.75, 1.5, 5.75, 1], "texture": "#0"},
				"down": {"uv": [6.75, 3, 5.75, 3.5], "texture": "#0"}
			}
		},
		{
			"from": [1.61773, 23.51162, 7.01],
			"to": [3.61773, 23.51162, 8.99],
			"rotation": {"angle": 22.5, "axis": "z", "origin": [-4.38227, 29.51162, 15]},
			"faces": {
				"north": {"uv": [0, 0, 0.5, 0], "texture": "#0"},
				"east": {"uv": [0, 0, 0.5, 0], "texture": "#0"},
				"south": {"uv": [0, 0, 0.5, 0], "texture": "#0"},
				"west": {"uv": [0, 0, 0.5, 0], "texture": "#0"},
				"up": {"uv": [7.5, 1, 7, 0.5], "texture": "#0"},
				"down": {"uv": [7.5, 1, 7, 1.5], "texture": "#0"}
			}
		},
		{
			"from": [16.75, 19.71792, 7.28589],
			"to": [16.75, 20.71792, 8.28589],
			"rotation": {"angle": -45, "axis": "z", "origin": [8.75, 25.71792, 14.78589]},
			"faces": {
				"north": {"uv": [0, 0, 0, 0.25], "texture": "#0"},
				"east": {"uv": [6, 5.75, 6.25, 6], "texture": "#0"},
				"south": {"uv": [0, 0, 0, 0.25], "texture": "#0"},
				"west": {"uv": [8, 2, 8.25, 2.25], "texture": "#0"},
				"up": {"uv": [0, 0.25, 0, 0], "texture": "#0"},
				"down": {"uv": [0, 0, 0, 0.25], "texture": "#0"}
			}
		},
		{
			"from": [11.68589, 15.5, 7.28589],
			"to": [12.68589, 18.5, 8.28589],
			"rotation": {"angle": -22.5, "axis": "z", "origin": [4.68589, 23.5, 14.78589]},
			"faces": {
				"north": {"uv": [6.5, 1.5, 6.75, 2.25], "texture": "#0"},
				"east": {"uv": [4.5, 7, 4.75, 7.75], "texture": "#0"},
				"south": {"uv": [0, 7.25, 0.25, 8], "texture": "#0"},
				"west": {"uv": [0.25, 7.25, 0.5, 8], "texture": "#0"},
				"up": {"uv": [8.25, 2.5, 8, 2.25], "texture": "#0"},
				"down": {"uv": [8.25, 2.5, 8, 2.75], "texture": "#0"}
			}
		},
		{
			"from": [6.58229, 19.03672, 8.03589],
			"to": [7.58229, 19.03672, 9.03589],
			"rotation": {"angle": 22.5, "axis": "z", "origin": [12.58229, 27.03672, 15.53589]},
			"faces": {
				"north": {"uv": [0, 0, 0.25, 0], "texture": "#0"},
				"east": {"uv": [0, 0, 0.25, 0], "texture": "#0"},
				"south": {"uv": [0, 0, 0.25, 0], "texture": "#0"},
				"west": {"uv": [0, 0, 0.25, 0], "texture": "#0"},
				"up": {"uv": [8.25, 3, 8, 2.75], "texture": "#0"},
				"down": {"uv": [8.25, 3, 8, 3.25], "texture": "#0"}
			}
		},
		{
			"from": [6.51302, 19.83147, 8.16089],
			"to": [7.01302, 19.83147, 9.16089],
			"rotation": {"angle": 22.5, "axis": "z", "origin": [12.51302, 27.83147, 15.66089]},
			"faces": {
				"north": {"uv": [0, 0, 0.25, 0], "texture": "#0"},
				"east": {"uv": [0, 0, 0.25, 0], "texture": "#0"},
				"south": {"uv": [0, 0, 0.25, 0], "texture": "#0"},
				"west": {"uv": [0, 0, 0.25, 0], "texture": "#0"},
				"up": {"uv": [8.25, 3.5, 8, 3.25], "texture": "#0"},
				"down": {"uv": [8.25, 3.5, 8, 3.75], "texture": "#0"}
			}
		},
		{
			"from": [6.51302, 19.33147, 6.66089],
			"to": [7.01302, 19.33147, 7.66089],
			"rotation": {"angle": 22.5, "axis": "z", "origin": [12.51302, 27.33147, 14.16089]},
			"faces": {
				"north": {"uv": [0, 0, 0.25, 0], "texture": "#0"},
				"east": {"uv": [0, 0, 0.25, 0], "texture": "#0"},
				"south": {"uv": [0, 0, 0.25, 0], "texture": "#0"},
				"west": {"uv": [0, 0, 0.25, 0], "texture": "#0"},
				"up": {"uv": [8.25, 4, 8, 3.75], "texture": "#0"},
				"down": {"uv": [8.25, 4.75, 8, 5], "texture": "#0"}
			}
		},
		{
			"from": [15.68589, 20.25, 8.03589],
			"to": [16.68589, 21.25, 9.03589],
			"rotation": {"angle": -45, "axis": "z", "origin": [8.68589, 27.25, 15.53589]},
			"faces": {
				"north": {"uv": [8, 5, 8.25, 5.25], "texture": "#0"},
				"east": {"uv": [8, 5.25, 8.25, 5.5], "texture": "#0"},
				"south": {"uv": [8, 5.5, 8.25, 5.75], "texture": "#0"},
				"west": {"uv": [8, 5.75, 8.25, 6], "texture": "#0"},
				"up": {"uv": [8.25, 6.25, 8, 6], "texture": "#0"},
				"down": {"uv": [8.25, 6.25, 8, 6.5], "texture": "#0"}
			}
		},
		{
			"from": [11.93589, 19.75, 8.16089],
			"to": [12.93589, 20.75, 9.16089],
			"rotation": {"angle": -22.5, "axis": "z", "origin": [4.93589, 26.75, 15.53589]},
			"faces": {
				"north": {"uv": [8, 6.5, 8.25, 6.75], "texture": "#0"},
				"east": {"uv": [8, 6.75, 8.25, 7], "texture": "#0"},
				"south": {"uv": [8, 7, 8.25, 7.25], "texture": "#0"},
				"west": {"uv": [8, 7.25, 8.25, 7.5], "texture": "#0"},
				"up": {"uv": [5, 8.5, 4.75, 8.25], "texture": "#0"},
				"down": {"uv": [5.25, 8.25, 5, 8.5], "texture": "#0"}
			}
		},
		{
			"from": [11.93589, 19, 6.66089],
			"to": [12.93589, 20.25, 7.66089],
			"rotation": {"angle": -22.5, "axis": "z", "origin": [4.93589, 26.25, 14.03589]},
			"faces": {
				"north": {"uv": [5.25, 8.25, 5.5, 8.5], "texture": "#0"},
				"east": {"uv": [6.5, 8.25, 6.75, 8.5], "texture": "#0"},
				"south": {"uv": [6.75, 8.25, 7, 8.5], "texture": "#0"},
				"west": {"uv": [7.25, 8.25, 7.5, 8.5], "texture": "#0"},
				"up": {"uv": [7.75, 8.5, 7.5, 8.25], "texture": "#0"},
				"down": {"uv": [8, 8.25, 7.75, 8.5], "texture": "#0"}
			}
		},
		{
			"from": [8.48948, 19.03672, 8.03589],
			"to": [9.48948, 19.03672, 9.03589],
			"rotation": {"angle": -22.5, "axis": "z", "origin": [3.48948, 27.03672, 15.53589]},
			"faces": {
				"north": {"uv": [0, 0, 0.25, 0], "texture": "#0"},
				"east": {"uv": [0, 0, 0.25, 0], "texture": "#0"},
				"south": {"uv": [0, 0, 0.25, 0], "texture": "#0"},
				"west": {"uv": [0, 0, 0.25, 0], "texture": "#0"},
				"up": {"uv": [8.5, 0.25, 8.25, 0], "texture": "#0"},
				"down": {"uv": [8.5, 0.25, 8.25, 0.5], "texture": "#0"}
			}
		},
		{
			"from": [9.05876, 19.83147, 8.16089],
			"to": [9.55876, 19.83147, 9.16089],
			"rotation": {"angle": -22.5, "axis": "z", "origin": [3.55876, 27.83147, 15.66089]},
			"faces": {
				"north": {"uv": [0, 0, 0.25, 0], "texture": "#0"},
				"east": {"uv": [0, 0, 0.25, 0], "texture": "#0"},
				"south": {"uv": [0, 0, 0.25, 0], "texture": "#0"},
				"west": {"uv": [0, 0, 0.25, 0], "texture": "#0"},
				"up": {"uv": [8.5, 1.25, 8.25, 1], "texture": "#0"},
				"down": {"uv": [8.5, 1.25, 8.25, 1.5], "texture": "#0"}
			}
		},
		{
			"from": [9.05876, 19.33147, 6.66089],
			"to": [9.55876, 19.33147, 7.66089],
			"rotation": {"angle": -22.5, "axis": "z", "origin": [3.55876, 27.33147, 14.16089]},
			"faces": {
				"north": {"uv": [0, 0, 0.25, 0], "texture": "#0"},
				"east": {"uv": [0, 0, 0.25, 0], "texture": "#0"},
				"south": {"uv": [0, 0, 0.25, 0], "texture": "#0"},
				"west": {"uv": [0, 0, 0.25, 0], "texture": "#0"},
				"up": {"uv": [8.5, 1.75, 8.25, 1.5], "texture": "#0"},
				"down": {"uv": [8.5, 1.75, 8.25, 2], "texture": "#0"}
			}
		},
		{
			"from": [3.13589, 19.75, 8.16089],
			"to": [4.13589, 20.75, 9.16089],
			"rotation": {"angle": 22.5, "axis": "z", "origin": [11.13589, 26.75, 15.53589]},
			"faces": {
				"north": {"uv": [8.25, 2, 8.5, 2.25], "texture": "#0"},
				"east": {"uv": [8.25, 2.25, 8.5, 2.5], "texture": "#0"},
				"south": {"uv": [8.25, 2.5, 8.5, 2.75], "texture": "#0"},
				"west": {"uv": [8.25, 2.75, 8.5, 3], "texture": "#0"},
				"up": {"uv": [8.5, 3.25, 8.25, 3], "texture": "#0"},
				"down": {"uv": [8.5, 3.25, 8.25, 3.5], "texture": "#0"}
			}
		},
		{
			"from": [3.13589, 19, 6.66089],
			"to": [4.13589, 20.25, 7.66089],
			"rotation": {"angle": 22.5, "axis": "z", "origin": [11.13589, 26.25, 14.03589]},
			"faces": {
				"north": {"uv": [8.25, 3.5, 8.5, 3.75], "texture": "#0"},
				"east": {"uv": [8.25, 3.75, 8.5, 4], "texture": "#0"},
				"south": {"uv": [8.25, 4, 8.5, 4.25], "texture": "#0"},
				"west": {"uv": [8.25, 4.25, 8.5, 4.5], "texture": "#0"},
				"up": {"uv": [8.5, 4.75, 8.25, 4.5], "texture": "#0"},
				"down": {"uv": [8.5, 4.75, 8.25, 5], "texture": "#0"}
			}
		},
		{
			"from": [-0.61411, 20.25, 8.03589],
			"to": [0.38589, 21.25, 9.03589],
			"rotation": {"angle": 45, "axis": "z", "origin": [7.38589, 27.25, 15.53589]},
			"faces": {
				"north": {"uv": [8.25, 5, 8.5, 5.25], "texture": "#0"},
				"east": {"uv": [8.25, 5.25, 8.5, 5.5], "texture": "#0"},
				"south": {"uv": [8.25, 5.5, 8.5, 5.75], "texture": "#0"},
				"west": {"uv": [8.25, 5.75, 8.5, 6], "texture": "#0"},
				"up": {"uv": [8.5, 6.25, 8.25, 6], "texture": "#0"},
				"down": {"uv": [8.5, 6.25, 8.25, 6.5], "texture": "#0"}
			}
		},
		{
			"from": [3.38589, 15.5, 7.28589],
			"to": [4.38589, 18.5, 8.28589],
			"rotation": {"angle": 22.5, "axis": "z", "origin": [11.38589, 23.5, 14.78589]},
			"faces": {
				"north": {"uv": [0.5, 7.25, 0.75, 8], "texture": "#0"},
				"east": {"uv": [0.75, 7.25, 1, 8], "texture": "#0"},
				"south": {"uv": [2, 7.25, 2.25, 8], "texture": "#0"},
				"west": {"uv": [2.25, 7.25, 2.5, 8], "texture": "#0"},
				"up": {"uv": [8.5, 6.75, 8.25, 6.5], "texture": "#0"},
				"down": {"uv": [8.5, 6.75, 8.25, 7], "texture": "#0"}
			}
		},
		{
			"from": [7.5, 19.71792, -0.71411],
			"to": [8.5, 20.71792, -0.71411],
			"rotation": {"angle": -45, "axis": "x", "origin": [15, 25.71792, 7.28589]},
			"faces": {
				"north": {"uv": [8.25, 7, 8.5, 7.25], "texture": "#0"},
				"east": {"uv": [0, 0, 0, 0.25], "texture": "#0"},
				"south": {"uv": [8.25, 7.25, 8.5, 7.5], "texture": "#0"},
				"west": {"uv": [0, 0, 0, 0.25], "texture": "#0"},
				"up": {"uv": [0.25, 0, 0, 0], "texture": "#0"},
				"down": {"uv": [0.25, 0, 0, 0], "texture": "#0"}
			}
		},
		{
			"from": [7.5, 15.5, 3.35],
			"to": [8.5, 18.5, 4.35],
			"rotation": {"angle": -22.5, "axis": "x", "origin": [15, 23.5, 11.35]},
			"faces": {
				"north": {"uv": [2.5, 7.25, 2.75, 8], "texture": "#0"},
				"east": {"uv": [2.75, 7.25, 3, 8], "texture": "#0"},
				"south": {"uv": [3, 7.25, 3.25, 8], "texture": "#0"},
				"west": {"uv": [3.25, 7.25, 3.5, 8], "texture": "#0"},
				"up": {"uv": [8.5, 7.75, 8.25, 7.5], "texture": "#0"},
				"down": {"uv": [8.5, 8, 8.25, 8.25], "texture": "#0"}
			}
		},
		{
			"from": [8.25, 19.03672, 8.45359],
			"to": [9.25, 19.03672, 9.45359],
			"rotation": {"angle": 22.5, "axis": "x", "origin": [15.75, 27.03672, 3.45359]},
			"faces": {
				"north": {"uv": [0, 0, 0.25, 0], "texture": "#0"},
				"east": {"uv": [0, 0, 0.25, 0], "texture": "#0"},
				"south": {"uv": [0, 0, 0.25, 0], "texture": "#0"},
				"west": {"uv": [0, 0, 0.25, 0], "texture": "#0"},
				"up": {"uv": [0.25, 8.75, 0, 8.5], "texture": "#0"},
				"down": {"uv": [0.5, 8.5, 0.25, 8.75], "texture": "#0"}
			}
		},
		{
			"from": [8.375, 19.83147, 9.02287],
			"to": [9.375, 19.83147, 9.52287],
			"rotation": {"angle": 22.5, "axis": "x", "origin": [15.875, 27.83147, 3.52287]},
			"faces": {
				"north": {"uv": [0, 0, 0.25, 0], "texture": "#0"},
				"east": {"uv": [0, 0, 0.25, 0], "texture": "#0"},
				"south": {"uv": [0, 0, 0.25, 0], "texture": "#0"},
				"west": {"uv": [0, 0, 0.25, 0], "texture": "#0"},
				"up": {"uv": [0.75, 8.75, 0.5, 8.5], "texture": "#0"},
				"down": {"uv": [1, 8.5, 0.75, 8.75], "texture": "#0"}
			}
		},
		{
			"from": [6.875, 19.33147, 9.02287],
			"to": [7.875, 19.33147, 9.52287],
			"rotation": {"angle": 22.5, "axis": "x", "origin": [14.375, 27.33147, 3.52287]},
			"faces": {
				"north": {"uv": [0, 0, 0.25, 0], "texture": "#0"},
				"east": {"uv": [0, 0, 0.25, 0], "texture": "#0"},
				"south": {"uv": [0, 0, 0.25, 0], "texture": "#0"},
				"west": {"uv": [0, 0, 0.25, 0], "texture": "#0"},
				"up": {"uv": [1.25, 8.75, 1, 8.5], "texture": "#0"},
				"down": {"uv": [1.5, 8.5, 1.25, 8.75], "texture": "#0"}
			}
		},
		{
			"from": [8.25, 20.25, -0.65],
			"to": [9.25, 21.25, 0.35],
			"rotation": {"angle": -45, "axis": "x", "origin": [15.75, 27.25, 7.35]},
			"faces": {
				"north": {"uv": [1.5, 8.5, 1.75, 8.75], "texture": "#0"},
				"east": {"uv": [1.75, 8.5, 2, 8.75], "texture": "#0"},
				"south": {"uv": [2, 8.5, 2.25, 8.75], "texture": "#0"},
				"west": {"uv": [2.25, 8.5, 2.5, 8.75], "texture": "#0"},
				"up": {"uv": [2.75, 8.75, 2.5, 8.5], "texture": "#0"},
				"down": {"uv": [3, 8.5, 2.75, 8.75], "texture": "#0"}
			}
		},
		{
			"from": [8.375, 19.75, 3.1],
			"to": [9.375, 20.75, 4.1],
			"rotation": {"angle": -22.5, "axis": "x", "origin": [15.75, 26.75, 11.1]},
			"faces": {
				"north": {"uv": [3, 8.5, 3.25, 8.75], "texture": "#0"},
				"east": {"uv": [3.25, 8.5, 3.5, 8.75], "texture": "#0"},
				"south": {"uv": [3.5, 8.5, 3.75, 8.75], "texture": "#0"},
				"west": {"uv": [3.75, 8.5, 4, 8.75], "texture": "#0"},
				"up": {"uv": [4.25, 8.75, 4, 8.5], "texture": "#0"},
				"down": {"uv": [4.5, 8.5, 4.25, 8.75], "texture": "#0"}
			}
		},
		{
			"from": [6.875, 19, 3.1],
			"to": [7.875, 20.25, 4.1],
			"rotation": {"angle": -22.5, "axis": "x", "origin": [14.25, 26.25, 11.1]},
			"faces": {
				"north": {"uv": [4.5, 8.5, 4.75, 8.75], "texture": "#0"},
				"east": {"uv": [4.75, 8.5, 5, 8.75], "texture": "#0"},
				"south": {"uv": [5, 8.5, 5.25, 8.75], "texture": "#0"},
				"west": {"uv": [5.25, 8.5, 5.5, 8.75], "texture": "#0"},
				"up": {"uv": [5.75, 8.75, 5.5, 8.5], "texture": "#0"},
				"down": {"uv": [6, 8.5, 5.75, 8.75], "texture": "#0"}
			}
		},
		{
			"from": [7.5, 19.71792, 16.71411],
			"to": [8.5, 20.71792, 16.71411],
			"rotation": {"angle": 45, "axis": "x", "origin": [15, 25.71792, 8.71411]},
			"faces": {
				"north": {"uv": [6, 8.5, 6.25, 8.75], "texture": "#0"},
				"east": {"uv": [0, 0, 0, 0.25], "texture": "#0"},
				"south": {"uv": [6.25, 8.5, 6.5, 8.75], "texture": "#0"},
				"west": {"uv": [0, 0, 0, 0.25], "texture": "#0"},
				"up": {"uv": [0.25, 0, 0, 0], "texture": "#0"},
				"down": {"uv": [0.25, 0, 0, 0], "texture": "#0"}
			}
		},
		{
			"from": [8.25, 19.03672, 6.54641],
			"to": [9.25, 19.03672, 7.54641],
			"rotation": {"angle": -22.5, "axis": "x", "origin": [15.75, 27.03672, 12.54641]},
			"faces": {
				"north": {"uv": [0, 0, 0.25, 0], "texture": "#0"},
				"east": {"uv": [0, 0, 0.25, 0], "texture": "#0"},
				"south": {"uv": [0, 0, 0.25, 0], "texture": "#0"},
				"west": {"uv": [0, 0, 0.25, 0], "texture": "#0"},
				"up": {"uv": [6.75, 8.75, 6.5, 8.5], "texture": "#0"},
				"down": {"uv": [7, 8.5, 6.75, 8.75], "texture": "#0"}
			}
		},
		{
			"from": [8.375, 19.83147, 6.47713],
			"to": [9.375, 19.83147, 6.97713],
			"rotation": {"angle": -22.5, "axis": "x", "origin": [15.875, 27.83147, 12.47713]},
			"faces": {
				"north": {"uv": [0, 0, 0.25, 0], "texture": "#0"},
				"east": {"uv": [0, 0, 0.25, 0], "texture": "#0"},
				"south": {"uv": [0, 0, 0.25, 0], "texture": "#0"},
				"west": {"uv": [0, 0, 0.25, 0], "texture": "#0"},
				"up": {"uv": [7.25, 8.75, 7, 8.5], "texture": "#0"},
				"down": {"uv": [7.5, 8.5, 7.25, 8.75], "texture": "#0"}
			}
		},
		{
			"from": [6.875, 19.33147, 6.47713],
			"to": [7.875, 19.33147, 6.97713],
			"rotation": {"angle": -22.5, "axis": "x", "origin": [14.375, 27.33147, 12.47713]},
			"faces": {
				"north": {"uv": [0, 0, 0.25, 0], "texture": "#0"},
				"east": {"uv": [0, 0, 0.25, 0], "texture": "#0"},
				"south": {"uv": [0, 0, 0.25, 0], "texture": "#0"},
				"west": {"uv": [0, 0, 0.25, 0], "texture": "#0"},
				"up": {"uv": [7.75, 8.75, 7.5, 8.5], "texture": "#0"},
				"down": {"uv": [8, 8.5, 7.75, 8.75], "texture": "#0"}
			}
		},
		{
			"from": [8.375, 19.75, 11.9],
			"to": [9.375, 20.75, 12.9],
			"rotation": {"angle": 22.5, "axis": "x", "origin": [15.75, 26.75, 4.9]},
			"faces": {
				"north": {"uv": [8, 8.5, 8.25, 8.75], "texture": "#0"},
				"east": {"uv": [8.25, 8.5, 8.5, 8.75], "texture": "#0"},
				"south": {"uv": [8.5, 8.5, 8.75, 8.75], "texture": "#0"},
				"west": {"uv": [8.5, 0, 8.75, 0.25], "texture": "#0"},
				"up": {"uv": [8.75, 0.5, 8.5, 0.25], "texture": "#0"},
				"down": {"uv": [8.75, 0.5, 8.5, 0.75], "texture": "#0"}
			}
		},
		{
			"from": [6.875, 19, 11.9],
			"to": [7.875, 20.25, 12.9],
			"rotation": {"angle": 22.5, "axis": "x", "origin": [14.25, 26.25, 4.9]},
			"faces": {
				"north": {"uv": [8.5, 0.75, 8.75, 1], "texture": "#0"},
				"east": {"uv": [8.5, 1, 8.75, 1.25], "texture": "#0"},
				"south": {"uv": [8.5, 1.25, 8.75, 1.5], "texture": "#0"},
				"west": {"uv": [8.5, 1.5, 8.75, 1.75], "texture": "#0"},
				"up": {"uv": [8.75, 2, 8.5, 1.75], "texture": "#0"},
				"down": {"uv": [8.75, 2, 8.5, 2.25], "texture": "#0"}
			}
		},
		{
			"from": [8.25, 20.25, 15.65],
			"to": [9.25, 21.25, 16.65],
			"rotation": {"angle": 45, "axis": "x", "origin": [15.75, 27.25, 8.65]},
			"faces": {
				"north": {"uv": [8.5, 2.25, 8.75, 2.5], "texture": "#0"},
				"east": {"uv": [8.5, 2.5, 8.75, 2.75], "texture": "#0"},
				"south": {"uv": [8.5, 2.75, 8.75, 3], "texture": "#0"},
				"west": {"uv": [8.5, 3, 8.75, 3.25], "texture": "#0"},
				"up": {"uv": [8.75, 3.5, 8.5, 3.25], "texture": "#0"},
				"down": {"uv": [8.75, 3.5, 8.5, 3.75], "texture": "#0"}
			}
		},
		{
			"from": [7.5, 15.5, 11.65],
			"to": [8.5, 18.5, 12.65],
			"rotation": {"angle": 22.5, "axis": "x", "origin": [15, 23.5, 4.65]},
			"faces": {
				"north": {"uv": [3.5, 7.25, 3.75, 8], "texture": "#0"},
				"east": {"uv": [3.75, 7.25, 4, 8], "texture": "#0"},
				"south": {"uv": [5, 7.25, 5.25, 8], "texture": "#0"},
				"west": {"uv": [5.25, 7.25, 5.5, 8], "texture": "#0"},
				"up": {"uv": [8.75, 4, 8.5, 3.75], "texture": "#0"},
				"down": {"uv": [8.75, 4, 8.5, 4.25], "texture": "#0"}
			}
		},
		{
			"from": [9.46, -4.15, 6.501],
			"to": [10.86, -2.75, 9.491],
			"rotation": {"angle": 45, "axis": "z", "origin": [3.25, -1.5, 15]},
			"faces": {
				"north": {"uv": [8.5, 4.25, 8.75, 4.5], "texture": "#0"},
				"east": {"uv": [5.25, 4, 6, 4.25], "texture": "#0"},
				"south": {"uv": [8.5, 4.5, 8.75, 4.75], "texture": "#0"},
				"west": {"uv": [6, 2.75, 6.75, 3], "texture": "#0"},
				"up": {"uv": [5.75, 8, 5.5, 7.25], "texture": "#0"},
				"down": {"uv": [6, 7.25, 5.75, 8], "texture": "#0"}
			}
		},
		{
			"from": [9.36, -6.15, 7.501],
			"to": [10.36, -3.15, 8.501],
			"rotation": {"angle": 45, "axis": "z", "origin": [3.25, -1.5, 15]},
			"faces": {
				"north": {"uv": [7.25, 2, 7.5, 2.75], "texture": "#0"},
				"east": {"uv": [7.25, 2.75, 7.5, 3.5], "texture": "#0"},
				"south": {"uv": [7.25, 4, 7.5, 4.75], "texture": "#0"},
				"west": {"uv": [4.75, 7.5, 5, 8.25], "texture": "#0"},
				"up": {"uv": [8.75, 5, 8.5, 4.75], "texture": "#0"},
				"down": {"uv": [8.75, 5, 8.5, 5.25], "texture": "#0"}
			}
		},
		{
			"from": [8.36, -6.15, 7.501],
			"to": [9.36, -5.15, 8.501],
			"rotation": {"angle": 45, "axis": "z", "origin": [3.25, -1.5, 15]},
			"faces": {
				"north": {"uv": [8.5, 5.25, 8.75, 5.5], "texture": "#0"},
				"east": {"uv": [8.5, 5.5, 8.75, 5.75], "texture": "#0"},
				"south": {"uv": [8.5, 5.75, 8.75, 6], "texture": "#0"},
				"west": {"uv": [8.5, 6, 8.75, 6.25], "texture": "#0"},
				"up": {"uv": [8.75, 6.5, 8.5, 6.25], "texture": "#0"},
				"down": {"uv": [8.75, 6.5, 8.5, 6.75], "texture": "#0"}
			}
		},
		{
			"from": [7.394, 0.39, 7.501],
			"to": [8.394, 1.39, 8.501],
			"rotation": {"angle": -22.5, "axis": "z", "origin": [3.75, -4.7, 15]},
			"faces": {
				"north": {"uv": [8.5, 6.75, 8.75, 7], "texture": "#0"},
				"east": {"uv": [8.5, 7, 8.75, 7.25], "texture": "#0"},
				"south": {"uv": [8.5, 7.25, 8.75, 7.5], "texture": "#0"},
				"west": {"uv": [8.5, 7.5, 8.75, 7.75], "texture": "#0"},
				"up": {"uv": [8.75, 8, 8.5, 7.75], "texture": "#0"},
				"down": {"uv": [8.75, 8, 8.5, 8.25], "texture": "#0"}
			}
		},
		{
			"from": [9.644, -3.36, 7.501],
			"to": [9.644, -1.36, 8.501],
			"rotation": {"angle": 0, "axis": "z", "origin": [6, -7.45, 15]},
			"faces": {
				"north": {"uv": [0, 0, 0, 0.5], "texture": "#0"},
				"east": {"uv": [7.75, 5.5, 8, 6], "texture": "#0"},
				"south": {"uv": [0, 0, 0, 0.5], "texture": "#0"},
				"west": {"uv": [7.75, 6, 8, 6.5], "texture": "#0"},
				"up": {"uv": [0, 0.25, 0, 0], "texture": "#0"},
				"down": {"uv": [0, 0, 0, 0.25], "texture": "#0"}
			}
		},
		{
			"from": [5.14, -4.15, 6.501],
			"to": [6.54, -2.75, 9.491],
			"rotation": {"angle": -45, "axis": "z", "origin": [12.75, -1.5, 15]},
			"faces": {
				"north": {"uv": [8.5, 8.25, 8.75, 8.5], "texture": "#0"},
				"east": {"uv": [7.25, 4.75, 8, 5], "texture": "#0"},
				"south": {"uv": [0, 8.75, 0.25, 9], "texture": "#0"},
				"west": {"uv": [6.5, 7.5, 7.25, 7.75], "texture": "#0"},
				"up": {"uv": [7.5, 8.25, 7.25, 7.5], "texture": "#0"},
				"down": {"uv": [7.75, 7.5, 7.5, 8.25], "texture": "#0"}
			}
		},
		{
			"from": [5.64, -6.15, 7.501],
			"to": [6.64, -3.15, 8.501],
			"rotation": {"angle": -45, "axis": "z", "origin": [12.75, -1.5, 15]},
			"faces": {
				"north": {"uv": [7.5, 0.5, 7.75, 1.25], "texture": "#0"},
				"east": {"uv": [7.5, 1.25, 7.75, 2], "texture": "#0"},
				"south": {"uv": [7.5, 2, 7.75, 2.75], "texture": "#0"},
				"west": {"uv": [7.5, 2.75, 7.75, 3.5], "texture": "#0"},
				"up": {"uv": [0.5, 9, 0.25, 8.75], "texture": "#0"},
				"down": {"uv": [0.75, 8.75, 0.5, 9], "texture": "#0"}
			}
		},
		{
			"from": [6.64, -6.15, 7.501],
			"to": [7.64, -5.15, 8.501],
			"rotation": {"angle": -45, "axis": "z", "origin": [12.75, -1.5, 15]},
			"faces": {
				"north": {"uv": [0.75, 8.75, 1, 9], "texture": "#0"},
				"east": {"uv": [1, 8.75, 1.25, 9], "texture": "#0"},
				"south": {"uv": [1.25, 8.75, 1.5, 9], "texture": "#0"},
				"west": {"uv": [1.5, 8.75, 1.75, 9], "texture": "#0"},
				"up": {"uv": [2, 9, 1.75, 8.75], "texture": "#0"},
				"down": {"uv": [2.25, 8.75, 2, 9], "texture": "#0"}
			}
		},
		{
			"from": [7.606, 0.39, 7.501],
			"to": [8.606, 1.39, 8.501],
			"rotation": {"angle": 22.5, "axis": "z", "origin": [12.25, -4.7, 15]},
			"faces": {
				"north": {"uv": [2.25, 8.75, 2.5, 9], "texture": "#0"},
				"east": {"uv": [2.5, 8.75, 2.75, 9], "texture": "#0"},
				"south": {"uv": [2.75, 8.75, 3, 9], "texture": "#0"},
				"west": {"uv": [3, 8.75, 3.25, 9], "texture": "#0"},
				"up": {"uv": [3.5, 9, 3.25, 8.75], "texture": "#0"},
				"down": {"uv": [3.75, 8.75, 3.5, 9], "texture": "#0"}
			}
		},
		{
			"from": [6.356, -3.36, 7.501],
			"to": [6.356, -1.36, 8.501],
			"rotation": {"angle": 0, "axis": "z", "origin": [10, -7.45, 15]},
			"faces": {
				"north": {"uv": [0, 0, 0, 0.5], "texture": "#0"},
				"east": {"uv": [7.75, 6.5, 8, 7], "texture": "#0"},
				"south": {"uv": [0, 0, 0, 0.5], "texture": "#0"},
				"west": {"uv": [7.75, 7, 8, 7.5], "texture": "#0"},
				"up": {"uv": [0, 0.25, 0, 0], "texture": "#0"},
				"down": {"uv": [0, 0, 0, 0.25], "texture": "#0"}
			}
		},
		{
			"from": [6.375, -4, 6.75],
			"to": [8.375, -2, 9.25],
			"rotation": {"angle": -45, "axis": "z", "origin": [14.25, -1, 15]},
			"faces": {
				"north": {"uv": [7, 1.5, 7.5, 2], "texture": "#0"},
				"east": {"uv": [6, 2.25, 6.75, 2.75], "texture": "#0"},
				"south": {"uv": [7, 3.5, 7.5, 4], "texture": "#0"},
				"west": {"uv": [6, 4, 6.75, 4.5], "texture": "#0"},
				"up": {"uv": [5.5, 7, 5, 6.25], "texture": "#0"},
				"down": {"uv": [6, 6.25, 5.5, 7], "texture": "#0"}
			}
		},
		{
			"from": [6.375, -5, 6.75],
			"to": [8.375, -3, 9.25],
			"rotation": {"angle": -45, "axis": "z", "origin": [14.25, -2, 15]},
			"faces": {
				"north": {"uv": [7, 6, 7.5, 6.5], "texture": "#0"},
				"east": {"uv": [6.25, 0, 7, 0.5], "texture": "#0"},
				"south": {"uv": [7, 6.5, 7.5, 7], "texture": "#0"},
				"west": {"uv": [6.25, 0.5, 7, 1], "texture": "#0"},
				"up": {"uv": [6.75, 5.25, 6.25, 4.5], "texture": "#0"},
				"down": {"uv": [6.75, 5.25, 6.25, 6], "texture": "#0"}
			}
		},
		{
			"from": [6.5, 1, 6.5],
			"to": [9.5, 3, 9.5],
			"rotation": {"angle": 0, "axis": "y", "origin": [14.5, 9, 14.5]},
			"faces": {
				"north": {"uv": [6.25, 3.5, 7, 4], "texture": "#0"},
				"east": {"uv": [0, 6.5, 0.75, 7], "texture": "#0"},
				"south": {"uv": [0.75, 6.5, 1.5, 7], "texture": "#0"},
				"west": {"uv": [3.5, 6.5, 4.25, 7], "texture": "#0"},
				"up": {"uv": [2.75, 4.75, 2, 4], "texture": "#0"},
				"down": {"uv": [3.5, 4, 2.75, 4.75], "texture": "#0"}
			}
		},
		{
			"from": [16, 6.5, 7.5],
			"to": [17, 8.5, 8.5],
			"rotation": {"angle": -45, "axis": "z", "origin": [9, 14.5, 15.5]},
			"faces": {
				"north": {"uv": [0, 8, 0.25, 8.5], "texture": "#0"},
				"east": {"uv": [0.25, 8, 0.5, 8.5], "texture": "#0"},
				"south": {"uv": [0.5, 8, 0.75, 8.5], "texture": "#0"},
				"west": {"uv": [0.75, 8, 1, 8.5], "texture": "#0"},
				"up": {"uv": [4, 9, 3.75, 8.75], "texture": "#0"},
				"down": {"uv": [4.25, 8.75, 4, 9], "texture": "#0"}
			}
		},
		{
			"from": [13.08464, 7.05301, 7.501],
			"to": [14.08464, 8.05301, 8.491],
			"rotation": {"angle": -22.5, "axis": "z", "origin": [6.08464, 15.05301, 15.5]},
			"faces": {
				"north": {"uv": [4.25, 8.75, 4.5, 9], "texture": "#0"},
				"east": {"uv": [4.5, 8.75, 4.75, 9], "texture": "#0"},
				"south": {"uv": [4.75, 8.75, 5, 9], "texture": "#0"},
				"west": {"uv": [5, 8.75, 5.25, 9], "texture": "#0"},
				"up": {"uv": [5.5, 9, 5.25, 8.75], "texture": "#0"},
				"down": {"uv": [5.75, 8.75, 5.5, 9], "texture": "#0"}
			}
		},
		{
			"from": [17.73464, 9.20301, 7.501],
			"to": [17.73464, 9.70301, 8.491],
			"rotation": {"angle": -45, "axis": "z", "origin": [9.73464, 16.70301, 15.5]},
			"faces": {
				"north": {"uv": [0, 0, 0, 0.25], "texture": "#0"},
				"east": {"uv": [5.75, 8.75, 6, 9], "texture": "#0"},
				"south": {"uv": [0, 0, 0, 0.25], "texture": "#0"},
				"west": {"uv": [6, 8.75, 6.25, 9], "texture": "#0"},
				"up": {"uv": [0, 0.25, 0, 0], "texture": "#0"},
				"down": {"uv": [0, 0, 0, 0.25], "texture": "#0"}
			}
		},
		{
			"from": [18.03464, 9.10301, 7.501],
			"to": [18.03464, 9.35301, 8.491],
			"rotation": {"angle": -45, "axis": "z", "origin": [10.03464, 16.60301, 15.5]},
			"faces": {
				"north": {"uv": [0, 0, 0, 0.25], "texture": "#0"},
				"east": {"uv": [6.25, 8.75, 6.5, 9], "texture": "#0"},
				"south": {"uv": [0, 0, 0, 0.25], "texture": "#0"},
				"west": {"uv": [6.5, 8.75, 6.75, 9], "texture": "#0"},
				"up": {"uv": [0, 0.25, 0, 0], "texture": "#0"},
				"down": {"uv": [0, 0, 0, 0.25], "texture": "#0"}
			}
		},
		{
			"from": [-1, 6.5, 7.5],
			"to": [0, 8.5, 8.5],
			"rotation": {"angle": 45, "axis": "z", "origin": [7, 14.5, 15.5]},
			"faces": {
				"north": {"uv": [1, 8, 1.25, 8.5], "texture": "#0"},
				"east": {"uv": [1.25, 8, 1.5, 8.5], "texture": "#0"},
				"south": {"uv": [2, 8, 2.25, 8.5], "texture": "#0"},
				"west": {"uv": [2.25, 8, 2.5, 8.5], "texture": "#0"},
				"up": {"uv": [7, 9, 6.75, 8.75], "texture": "#0"},
				"down": {"uv": [7.25, 8.75, 7, 9], "texture": "#0"}
			}
		},
		{
			"from": [1.91536, 7.05301, 7.501],
			"to": [2.91536, 8.05301, 8.491],
			"rotation": {"angle": 22.5, "axis": "z", "origin": [9.91536, 15.05301, 15.5]},
			"faces": {
				"north": {"uv": [7.25, 8.75, 7.5, 9], "texture": "#0"},
				"east": {"uv": [7.5, 8.75, 7.75, 9], "texture": "#0"},
				"south": {"uv": [7.75, 8.75, 8, 9], "texture": "#0"},
				"west": {"uv": [8, 8.75, 8.25, 9], "texture": "#0"},
				"up": {"uv": [8.5, 9, 8.25, 8.75], "texture": "#0"},
				"down": {"uv": [8.75, 8.75, 8.5, 9], "texture": "#0"}
			}
		},
		{
			"from": [-1.73464, 9.20301, 7.501],
			"to": [-1.73464, 9.70301, 8.491],
			"rotation": {"angle": 45, "axis": "z", "origin": [6.26536, 16.70301, 15.5]},
			"faces": {
				"north": {"uv": [0, 0, 0, 0.25], "texture": "#0"},
				"east": {"uv": [8.75, 8.75, 9, 9], "texture": "#0"},
				"south": {"uv": [0, 0, 0, 0.25], "texture": "#0"},
				"west": {"uv": [8.75, 0, 9, 0.25], "texture": "#0"},
				"up": {"uv": [0, 0.25, 0, 0], "texture": "#0"},
				"down": {"uv": [0, 0, 0, 0.25], "texture": "#0"}
			}
		},
		{
			"from": [-2.03464, 9.10301, 7.501],
			"to": [-2.03464, 9.35301, 8.491],
			"rotation": {"angle": 45, "axis": "z", "origin": [5.96536, 16.60301, 15.5]},
			"faces": {
				"north": {"uv": [0, 0, 0, 0.25], "texture": "#0"},
				"east": {"uv": [8.75, 0.25, 9, 0.5], "texture": "#0"},
				"south": {"uv": [0, 0, 0, 0.25], "texture": "#0"},
				"west": {"uv": [8.75, 0.5, 9, 0.75], "texture": "#0"},
				"up": {"uv": [0, 0.25, 0, 0], "texture": "#0"},
				"down": {"uv": [0, 0, 0, 0.25], "texture": "#0"}
			}
		},
		{
			"from": [9.6, 5, 8],
			"to": [10.6, 7, 8],
			"rotation": {"angle": -45, "axis": "z", "origin": [17.6, 14, 15.5]},
			"faces": {
				"north": {"uv": [2.5, 8, 2.75, 8.5], "texture": "#0"},
				"east": {"uv": [0, 0, 0, 0.5], "texture": "#0"},
				"south": {"uv": [2.75, 8, 3, 8.5], "texture": "#0"},
				"west": {"uv": [0, 0, 0, 0.5], "texture": "#0"},
				"up": {"uv": [0.25, 0, 0, 0], "texture": "#0"},
				"down": {"uv": [0.25, 0, 0, 0], "texture": "#0"}
			}
		},
		{
			"from": [9.6, 8, 8],
			"to": [10.6, 11, 8],
			"rotation": {"angle": -45, "axis": "z", "origin": [17.6, 18, 15.5]},
			"faces": {
				"north": {"uv": [7.5, 3.5, 7.75, 4.25], "texture": "#0"},
				"east": {"uv": [0, 0, 0, 0.75], "texture": "#0"},
				"south": {"uv": [7.5, 6, 7.75, 6.75], "texture": "#0"},
				"west": {"uv": [0, 0, 0, 0.75], "texture": "#0"},
				"up": {"uv": [0.25, 0, 0, 0], "texture": "#0"},
				"down": {"uv": [0.25, 0, 0, 0], "texture": "#0"}
			}
		},
		{
			"from": [9.6, 12, 8],
			"to": [10.6, 15, 8],
			"rotation": {"angle": -45, "axis": "z", "origin": [17.6, 22, 15.5]},
			"faces": {
				"north": {"uv": [7.5, 6.75, 7.75, 7.5], "texture": "#0"},
				"east": {"uv": [0, 0, 0, 0.75], "texture": "#0"},
				"south": {"uv": [1.5, 7.75, 1.75, 8.5], "texture": "#0"},
				"west": {"uv": [0, 0, 0, 0.75], "texture": "#0"},
				"up": {"uv": [0.25, 0, 0, 0], "texture": "#0"},
				"down": {"uv": [0.25, 0, 0, 0], "texture": "#0"}
			}
		},
		{
			"from": [8.6, 10, 8],
			"to": [9.6, 12, 8],
			"rotation": {"angle": -45, "axis": "z", "origin": [17.6, 22, 15.5]},
			"faces": {
				"north": {"uv": [3, 8, 3.25, 8.5], "texture": "#0"},
				"east": {"uv": [0, 0, 0, 0.5], "texture": "#0"},
				"south": {"uv": [3.25, 8, 3.5, 8.5], "texture": "#0"},
				"west": {"uv": [0, 0, 0, 0.5], "texture": "#0"},
				"up": {"uv": [0.25, 0, 0, 0], "texture": "#0"},
				"down": {"uv": [0.25, 0, 0, 0], "texture": "#0"}
			}
		},
		{
			"from": [7.6, 9, 8],
			"to": [8.6, 10, 8],
			"rotation": {"angle": -45, "axis": "z", "origin": [17.6, 22, 15.5]},
			"faces": {
				"north": {"uv": [8.75, 0.75, 9, 1], "texture": "#0"},
				"east": {"uv": [0, 0, 0, 0.25], "texture": "#0"},
				"south": {"uv": [8.75, 1, 9, 1.25], "texture": "#0"},
				"west": {"uv": [0, 0, 0, 0.25], "texture": "#0"},
				"up": {"uv": [0.25, 0, 0, 0], "texture": "#0"},
				"down": {"uv": [0.25, 0, 0, 0], "texture": "#0"}
			}
		},
		{
			"from": [8.6, 6, 8],
			"to": [9.6, 8, 8],
			"rotation": {"angle": -45, "axis": "z", "origin": [17.6, 18, 15.5]},
			"faces": {
				"north": {"uv": [3.5, 8, 3.75, 8.5], "texture": "#0"},
				"east": {"uv": [0, 0, 0, 0.5], "texture": "#0"},
				"south": {"uv": [3.75, 8, 4, 8.5], "texture": "#0"},
				"west": {"uv": [0, 0, 0, 0.5], "texture": "#0"},
				"up": {"uv": [0.25, 0, 0, 0], "texture": "#0"},
				"down": {"uv": [0.25, 0, 0, 0], "texture": "#0"}
			}
		},
		{
			"from": [12.25, 2.1, 8],
			"to": [13.25, 4.1, 8],
			"rotation": {"angle": -45, "axis": "z", "origin": [20.25, 11.1, 15.5]},
			"faces": {
				"north": {"uv": [4, 8, 4.25, 8.5], "texture": "#0"},
				"east": {"uv": [0, 0, 0, 0.5], "texture": "#0"},
				"south": {"uv": [4.25, 8, 4.5, 8.5], "texture": "#0"},
				"west": {"uv": [0, 0, 0, 0.5], "texture": "#0"},
				"up": {"uv": [0.25, 0, 0, 0], "texture": "#0"},
				"down": {"uv": [0.25, 0, 0, 0], "texture": "#0"}
			}
		},
		{
			"from": [11.25, 3.1, 8],
			"to": [12.25, 6.1, 8],
			"rotation": {"angle": -45, "axis": "z", "origin": [20.25, 11.1, 15.5]},
			"faces": {
				"north": {"uv": [1.75, 7.75, 2, 8.5], "texture": "#0"},
				"east": {"uv": [0, 0, 0, 0.75], "texture": "#0"},
				"south": {"uv": [4.5, 7.75, 4.75, 8.5], "texture": "#0"},
				"west": {"uv": [0, 0, 0, 0.75], "texture": "#0"},
				"up": {"uv": [0.25, 0, 0, 0], "texture": "#0"},
				"down": {"uv": [0.25, 0, 0, 0], "texture": "#0"}
			}
		},
		{
			"from": [9.25, 5.1, 8],
			"to": [11.25, 6.1, 8],
			"rotation": {"angle": -45, "axis": "z", "origin": [20.25, 11.1, 15.5]},
			"faces": {
				"north": {"uv": [7.75, 7.5, 8.25, 7.75], "texture": "#0"},
				"east": {"uv": [0, 0, 0, 0.25], "texture": "#0"},
				"south": {"uv": [5, 8, 5.5, 8.25], "texture": "#0"},
				"west": {"uv": [0, 0, 0, 0.25], "texture": "#0"},
				"up": {"uv": [0.5, 0, 0, 0], "texture": "#0"},
				"down": {"uv": [0.5, 0, 0, 0], "texture": "#0"}
			}
		},
		{
			"from": [10.25, 6.1, 8],
			"to": [11.25, 11.1, 8],
			"rotation": {"angle": -45, "axis": "z", "origin": [20.25, 11.1, 15.5]},
			"faces": {
				"north": {"uv": [1.5, 6.5, 1.75, 7.75], "texture": "#0"},
				"east": {"uv": [0, 0, 0, 1.25], "texture": "#0"},
				"south": {"uv": [1.75, 6.5, 2, 7.75], "texture": "#0"},
				"west": {"uv": [0, 0, 0, 1.25], "texture": "#0"},
				"up": {"uv": [0.25, 0, 0, 0], "texture": "#0"},
				"down": {"uv": [0.25, 0, 0, 0], "texture": "#0"}
			}
		},
		{
			"from": [11.25, 10.1, 8],
			"to": [12.25, 12.1, 8],
			"rotation": {"angle": -45, "axis": "z", "origin": [20.25, 11.1, 15.5]},
			"faces": {
				"north": {"uv": [5.5, 8, 5.75, 8.5], "texture": "#0"},
				"east": {"uv": [0, 0, 0, 0.5], "texture": "#0"},
				"south": {"uv": [5.75, 8, 6, 8.5], "texture": "#0"},
				"west": {"uv": [0, 0, 0, 0.5], "texture": "#0"},
				"up": {"uv": [0.25, 0, 0, 0], "texture": "#0"},
				"down": {"uv": [0.25, 0, 0, 0], "texture": "#0"}
			}
		},
		{
			"from": [9.25, 11.1, 8],
			"to": [10.25, 12.1, 8],
			"rotation": {"angle": -45, "axis": "z", "origin": [20.25, 11.1, 15.5]},
			"faces": {
				"north": {"uv": [8.75, 1.25, 9, 1.5], "texture": "#0"},
				"east": {"uv": [0, 0, 0, 0.25], "texture": "#0"},
				"south": {"uv": [8.75, 1.5, 9, 1.75], "texture": "#0"},
				"west": {"uv": [0, 0, 0, 0.25], "texture": "#0"},
				"up": {"uv": [0.25, 0, 0, 0], "texture": "#0"},
				"down": {"uv": [0.25, 0, 0, 0], "texture": "#0"}
			}
		},
		{
			"from": [8.25, 12.1, 8],
			"to": [10.25, 13.1, 8],
			"rotation": {"angle": -45, "axis": "z", "origin": [20.25, 11.1, 15.5]},
			"faces": {
				"north": {"uv": [6.5, 8, 7, 8.25], "texture": "#0"},
				"east": {"uv": [0, 0, 0, 0.25], "texture": "#0"},
				"south": {"uv": [7.75, 8, 8.25, 8.25], "texture": "#0"},
				"west": {"uv": [0, 0, 0, 0.25], "texture": "#0"},
				"up": {"uv": [0.5, 0, 0, 0], "texture": "#0"},
				"down": {"uv": [0.5, 0, 0, 0], "texture": "#0"}
			}
		},
		{
			"from": [7.25, 9.1, 8],
			"to": [8.25, 12.1, 8],
			"rotation": {"angle": -45, "axis": "z", "origin": [20.25, 11.1, 15.5]},
			"faces": {
				"north": {"uv": [6, 7.75, 6.25, 8.5], "texture": "#0"},
				"east": {"uv": [0, 0, 0, 0.75], "texture": "#0"},
				"south": {"uv": [6.25, 7.75, 6.5, 8.5], "texture": "#0"},
				"west": {"uv": [0, 0, 0, 0.75], "texture": "#0"},
				"up": {"uv": [0.25, 0, 0, 0], "texture": "#0"},
				"down": {"uv": [0.25, 0, 0, 0], "texture": "#0"}
			}
		},
		{
			"from": [9.25, 9.1, 8],
			"to": [10.25, 10.1, 8],
			"rotation": {"angle": -45, "axis": "z", "origin": [20.25, 11.1, 15.5]},
			"faces": {
				"north": {"uv": [8.75, 1.75, 9, 2], "texture": "#0"},
				"east": {"uv": [0, 0, 0, 0.25], "texture": "#0"},
				"south": {"uv": [8.75, 2, 9, 2.25], "texture": "#0"},
				"west": {"uv": [0, 0, 0, 0.25], "texture": "#0"},
				"up": {"uv": [0.25, 0, 0, 0], "texture": "#0"},
				"down": {"uv": [0.25, 0, 0, 0], "texture": "#0"}
			}
		},
		{
			"from": [8.25, 8.1, 8],
			"to": [9.25, 10.1, 8],
			"rotation": {"angle": -45, "axis": "z", "origin": [20.25, 11.1, 15.5]},
			"faces": {
				"north": {"uv": [7, 8, 7.25, 8.5], "texture": "#0"},
				"east": {"uv": [0, 0, 0, 0.5], "texture": "#0"},
				"south": {"uv": [8, 0, 8.25, 0.5], "texture": "#0"},
				"west": {"uv": [0, 0, 0, 0.5], "texture": "#0"},
				"up": {"uv": [0.25, 0, 0, 0], "texture": "#0"},
				"down": {"uv": [0.25, 0, 0, 0], "texture": "#0"}
			}
		},
		{
			"from": [6.25, 10.1, 8],
			"to": [7.25, 11.1, 8],
			"rotation": {"angle": -45, "axis": "z", "origin": [20.25, 11.1, 15.5]},
			"faces": {
				"north": {"uv": [8.75, 2.25, 9, 2.5], "texture": "#0"},
				"east": {"uv": [0, 0, 0, 0.25], "texture": "#0"},
				"south": {"uv": [8.75, 2.5, 9, 2.75], "texture": "#0"},
				"west": {"uv": [0, 0, 0, 0.25], "texture": "#0"},
				"up": {"uv": [0.25, 0, 0, 0], "texture": "#0"},
				"down": {"uv": [0.25, 0, 0, 0], "texture": "#0"}
			}
		},
		{
			"from": [12.25, 12.1, 8],
			"to": [13.25, 13.1, 8],
			"rotation": {"angle": -45, "axis": "z", "origin": [20.25, 11.1, 15.5]},
			"faces": {
				"north": {"uv": [8.75, 2.75, 9, 3], "texture": "#0"},
				"east": {"uv": [0, 0, 0, 0.25], "texture": "#0"},
				"south": {"uv": [8.75, 3, 9, 3.25], "texture": "#0"},
				"west": {"uv": [0, 0, 0, 0.25], "texture": "#0"},
				"up": {"uv": [0.25, 0, 0, 0], "texture": "#0"},
				"down": {"uv": [0.25, 0, 0, 0], "texture": "#0"}
			}
		},
		{
			"from": [13.25, 13.1, 8],
			"to": [14.25, 14.1, 8],
			"rotation": {"angle": -45, "axis": "z", "origin": [20.25, 11.1, 15.5]},
			"faces": {
				"north": {"uv": [8.75, 3.25, 9, 3.5], "texture": "#0"},
				"east": {"uv": [0, 0, 0, 0.25], "texture": "#0"},
				"south": {"uv": [8.75, 3.5, 9, 3.75], "texture": "#0"},
				"west": {"uv": [0, 0, 0, 0.25], "texture": "#0"},
				"up": {"uv": [0.25, 0, 0, 0], "texture": "#0"},
				"down": {"uv": [0.25, 0, 0, 0], "texture": "#0"}
			}
		},
		{
			"from": [10.25, 13.1, 8],
			"to": [12.25, 14.1, 8],
			"rotation": {"angle": -45, "axis": "z", "origin": [20.25, 11.1, 15.5]},
			"faces": {
				"north": {"uv": [8, 0.5, 8.5, 0.75], "texture": "#0"},
				"east": {"uv": [0, 0, 0, 0.25], "texture": "#0"},
				"south": {"uv": [8, 0.75, 8.5, 1], "texture": "#0"},
				"west": {"uv": [0, 0, 0, 0.25], "texture": "#0"},
				"up": {"uv": [0.5, 0, 0, 0], "texture": "#0"},
				"down": {"uv": [0.5, 0, 0, 0], "texture": "#0"}
			}
		},
		{
			"from": [8.6, 3, 8],
			"to": [9.6, 5, 8],
			"rotation": {"angle": -45, "axis": "z", "origin": [17.6, 14, 15.5]},
			"faces": {
				"north": {"uv": [8, 1, 8.25, 1.5], "texture": "#0"},
				"east": {"uv": [0, 0, 0, 0.5], "texture": "#0"},
				"south": {"uv": [8, 1.5, 8.25, 2], "texture": "#0"},
				"west": {"uv": [0, 0, 0, 0.5], "texture": "#0"},
				"up": {"uv": [0.25, 0, 0, 0], "texture": "#0"},
				"down": {"uv": [0.25, 0, 0, 0], "texture": "#0"}
			}
		},
		{
			"from": [7, 3, 7],
			"to": [9, 21, 9],
			"rotation": {"angle": 0, "axis": "y", "origin": [15, 17, 15]},
			"faces": {
				"north": {"uv": [0, 2, 0.5, 6.5], "texture": "#0"},
				"east": {"uv": [0.5, 2, 1, 6.5], "texture": "#0"},
				"south": {"uv": [1, 2, 1.5, 6.5], "texture": "#0"},
				"west": {"uv": [1.5, 2, 2, 6.5], "texture": "#0"},
				"up": {"uv": [4.75, 7, 4.25, 6.5], "texture": "#0"},
				"down": {"uv": [7, 6.5, 6.5, 7], "texture": "#0"}
			}
		},
		{
			"from": [6.5, 15, 6.5],
			"to": [9.5, 16, 9.5],
			"rotation": {"angle": 0, "axis": "y", "origin": [15, 23, 15]},
			"faces": {
				"north": {"uv": [7.5, 4.25, 8.25, 4.5], "texture": "#0"},
				"east": {"uv": [7.5, 4.5, 8.25, 4.75], "texture": "#0"},
				"south": {"uv": [6.5, 7.75, 7.25, 8], "texture": "#0"},
				"west": {"uv": [7.75, 7.75, 8.5, 8], "texture": "#0"},
				"up": {"uv": [4.25, 4.75, 3.5, 4], "texture": "#0"},
				"down": {"uv": [4.75, 0, 4, 0.75], "texture": "#0"}
			}
		},
		{
			"from": [6.5, 16.25, 6.5],
			"to": [9.5, 18.75, 9.5],
			"rotation": {"angle": 0, "axis": "y", "origin": [15, 24.25, 15]},
			"faces": {
				"north": {"uv": [4, 0.75, 4.75, 1.5], "texture": "#0"},
				"east": {"uv": [4, 3, 4.75, 3.75], "texture": "#0"},
				"south": {"uv": [4.25, 4.25, 5, 5], "texture": "#0"},
				"west": {"uv": [2, 4.75, 2.75, 5.5], "texture": "#0"},
				"up": {"uv": [3.5, 5.5, 2.75, 4.75], "texture": "#0"},
				"down": {"uv": [4.25, 4.75, 3.5, 5.5], "texture": "#0"}
			}
		}
	],
	"display": {
		"thirdperson_righthand": {
			"rotation": [0, 90, 0],
			"translation": [0, -1, 1.75],
			"scale": [0.75, 0.75, 0.75]
		},
		"thirdperson_lefthand": {
			"rotation": [0, -90, 0],
			"translation": [0, -1, 1.75],
			"scale": [0.75, 0.75, 0.75]
		},
		"firstperson_righthand": {
			"rotation": [0, 90, 0],
			"translation": [0.5, -3.25, 0],
			"scale": [0.75, 0.75, 0.75]
		},
		"firstperson_lefthand": {
			"rotation": [0, -90, 0],
			"translation": [0.5, -3.25, 0],
			"scale": [0.75, 0.75, 0.75]
		},
		"ground": {
			"translation": [0, 1, 0],
			"scale": [0.5, 0.5, 0.5]
		},
		"gui": {
			"rotation": [0, -180, 45],
			"translation": [-2.75, -2.25, 0],
			"scale": [0.6, 0.6, 0.6]
		},
		"fixed": {
			"translation": [0, -2.5, -0.25],
			"scale": [0.65, 0.65, 0.65]
		}
	},
	"groups": [
		{
			"name": "Silktouch Pickaxe",
			"origin": [8, 8, 8],
			"children": [
				{
					"name": "Pick",
					"origin": [15, 17, 15],
					"children": [0, 1, 2, 3, 4, 5, 6, 7, 8, 9, 10, 11, 12, 13, 14]
				},
				{
					"name": "Handle",
					"origin": [8, 8, 8],
					"children": [
						{
							"name": "Detail",
							"origin": [15, 25.71792, 7.28589],
							"children": [
								{
									"name": "Detail",
									"origin": [15, 25.71792, 7.28589],
									"children": [15, 16, 17, 18, 19, 20, 21, 22, 23, 24, 25, 26, 27, 28, 29]
								}, 30, 31, 32, 33, 34, 35, 36, 37, 38, 39, 40, 41, 42, 43, 44, 45]
						},
						{
							"name": "Detail",
							"origin": [12.75, -2.5, 15],
							"children": [46, 47, 48, 49, 50, 51, 52, 53, 54, 55, 56, 57, 58]
						},
						{
							"name": "Detail",
							"origin": [8, 8, 8],
							"children": [59, 60, 61, 62, 63, 64, 65, 66]
						},
						{
							"name": "Detail",
							"origin": [15, 10, 15],
							"children": [67, 68, 69, 70, 71, 72, 73, 74, 75, 76, 77, 78, 79, 80, 81, 82, 83, 84, 85, 86, 87]
						}, 88, 89, 90]
				}
			]
		}
	]
}