{
	"credit": "Made with Blockbench",
	"texture_size": [32, 32],
	"textures": {
		"0": "item/hyperspace_pickaxe",
		"particle": "item/hyperspace_pickaxe"
	},
	"elements": [
		{
			"from": [0, 4, 8],
			"to": [2, 7, 9],
			"rotation": {"angle": 45, "axis": "z", "origin": [8, 12, 15]},
			"faces": {
				"north": {"uv": [10.5, 5.5, 11.5, 7], "texture": "#0"},
				"east": {"uv": [9, 10, 9.5, 11.5], "texture": "#0"},
				"south": {"uv": [10.5, 7, 11.5, 8.5], "texture": "#0"},
				"west": {"uv": [5, 12.5, 5.5, 14], "texture": "#0"},
				"up": {"uv": [9, 14.5, 8, 14], "texture": "#0"},
				"down": {"uv": [14, 14, 13, 14.5], "texture": "#0"}
			}
		},
		{
			"from": [2.20825, 5.26012, 7.98],
			"to": [4.20825, 8.26012, 9.01],
			"rotation": {"angle": 22.5, "axis": "z", "origin": [10.20825, 13.26012, 15]},
			"faces": {
				"north": {"uv": [3, 11, 4, 12.5], "texture": "#0"},
				"east": {"uv": [5.5, 12.5, 6, 14], "texture": "#0"},
				"south": {"uv": [4, 11, 5, 12.5], "texture": "#0"},
				"west": {"uv": [6, 12.5, 6.5, 14], "texture": "#0"},
				"up": {"uv": [15, 14.5, 14, 14], "texture": "#0"},
				"down": {"uv": [15, 0, 14, 0.5], "texture": "#0"}
			}
		},
		{
			"from": [4.73063, 5.57925, 8],
			"to": [6.73063, 9.77925, 9],
			"rotation": {"angle": 0, "axis": "z", "origin": [12.73063, 13.57925, 15]},
			"faces": {
				"north": {"uv": [9.5, 9.5, 10.5, 11.5], "texture": "#0"},
				"east": {"uv": [6.5, 11.5, 7, 13.5], "texture": "#0"},
				"south": {"uv": [9.5, 5, 10.5, 7], "texture": "#0"},
				"west": {"uv": [10, 11.5, 10.5, 13.5], "texture": "#0"},
				"up": {"uv": [11.5, 13, 10.5, 12.5], "texture": "#0"},
				"down": {"uv": [1, 13, 0, 13.5], "texture": "#0"}
			}
		},
		{
			"from": [3.73063, 5.57925, 7.5],
			"to": [4.73063, 9.57925, 9.5],
			"rotation": {"angle": 0, "axis": "z", "origin": [10.73063, 13.57925, 15]},
			"faces": {
				"north": {"uv": [8, 12, 8.5, 14], "texture": "#0"},
				"east": {"uv": [9.5, 7, 10.5, 9], "texture": "#0"},
				"south": {"uv": [8.5, 12, 9, 14], "texture": "#0"},
				"west": {"uv": [8, 10, 9, 12], "texture": "#0"},
				"up": {"uv": [14.5, 1.5, 14, 0.5], "texture": "#0"},
				"down": {"uv": [2.5, 14.5, 2, 15.5], "texture": "#0"}
			}
		},
		{
			"from": [5.80045, 12.17356, 7.5],
			"to": [9.80045, 13.17356, 9.5],
			"rotation": {"angle": 22.5, "axis": "z", "origin": [13.80045, 6.17356, 15]},
			"faces": {
				"north": {"uv": [11.5, 8, 13.5, 8.5], "texture": "#0"},
				"east": {"uv": [14, 1.5, 15, 2], "texture": "#0"},
				"south": {"uv": [12, 0, 14, 0.5], "texture": "#0"},
				"west": {"uv": [14, 5, 15, 5.5], "texture": "#0"},
				"up": {"uv": [12, 3, 10, 2], "texture": "#0"},
				"down": {"uv": [7, 10.5, 5, 11.5], "texture": "#0"}
			}
		},
		{
			"from": [1.80045, 7.42356, 7.75],
			"to": [2.55045, 16.17356, 9.25],
			"rotation": {"angle": -22.5, "axis": "z", "origin": [8.55045, 1.17356, 15]},
			"faces": {
				"north": {"uv": [1, 9, 1.5, 13.5], "texture": "#0"},
				"east": {"uv": [0, 4.5, 1, 9], "texture": "#0"},
				"south": {"uv": [1.5, 9, 2, 13.5], "texture": "#0"},
				"west": {"uv": [1, 4.5, 2, 9], "texture": "#0"},
				"up": {"uv": [3, 15.5, 2.5, 14.5], "texture": "#0"},
				"down": {"uv": [3.5, 14.5, 3, 15.5], "texture": "#0"}
			}
		},
		{
			"from": [1.30045, 7.42356, 7.75],
			"to": [1.80045, 16.17356, 9.25],
			"rotation": {"angle": -22.5, "axis": "z", "origin": [8.55045, 1.17356, 15]},
			"faces": {
				"north": {"uv": [1, 9, 1.5, 13.5], "texture": "#0"},
				"east": {"uv": [0, 4.5, 1, 9], "texture": "#0"},
				"south": {"uv": [1.5, 9, 2, 13.5], "texture": "#0"},
				"west": {"uv": [1, 4.5, 2, 9], "texture": "#0"},
				"up": {"uv": [3, 15.5, 2.5, 14.5], "texture": "#0"},
				"down": {"uv": [3.5, 14.5, 3, 15.5], "texture": "#0"}
			}
		},
		{
			"from": [1.66705, 4.95355, 7.5],
			"to": [2.66705, 7.95355, 9.5],
			"rotation": {"angle": 22.5, "axis": "z", "origin": [8.66705, 11.95355, 15]},
			"faces": {
				"north": {"uv": [7, 12.5, 7.5, 14], "texture": "#0"},
				"east": {"uv": [11, 0, 12, 1.5], "texture": "#0"},
				"south": {"uv": [7.5, 12.5, 8, 14], "texture": "#0"},
				"west": {"uv": [0, 11.5, 1, 13], "texture": "#0"},
				"up": {"uv": [4, 15.5, 3.5, 14.5], "texture": "#0"},
				"down": {"uv": [4.5, 14.5, 4, 15.5], "texture": "#0"}
			}
		},
		{
			"from": [0, 2.58579, 7.5],
			"to": [1, 6.58579, 9.5],
			"rotation": {"angle": 45, "axis": "z", "origin": [7, 10.58579, 15]},
			"faces": {
				"north": {"uv": [2, 12.5, 2.5, 14.5], "texture": "#0"},
				"east": {"uv": [2, 10.5, 3, 12.5], "texture": "#0"},
				"south": {"uv": [2.5, 12.5, 3, 14.5], "texture": "#0"},
				"west": {"uv": [7, 10.5, 8, 12.5], "texture": "#0"},
				"up": {"uv": [5.5, 15.5, 5, 14.5], "texture": "#0"},
				"down": {"uv": [6, 14.5, 5.5, 15.5], "texture": "#0"}
			}
		},
		{
			"from": [6.70711, -0.02082, 7.75],
			"to": [7.70711, 0.97918, 9.25],
			"rotation": {"angle": 0, "axis": "z", "origin": [-0.29289, 6.97918, 15]},
			"faces": {
				"north": {"uv": [8, 7, 8.5, 7.5], "texture": "#0"},
				"east": {"uv": [8, 14.5, 9, 15], "texture": "#0"},
				"south": {"uv": [10, 3, 10.5, 3.5], "texture": "#0"},
				"west": {"uv": [9, 14.5, 10, 15], "texture": "#0"},
				"up": {"uv": [6.5, 15.5, 6, 14.5], "texture": "#0"},
				"down": {"uv": [10.5, 14.5, 10, 15.5], "texture": "#0"}
			}
		},
		{
			"from": [4.95711, 0.22918, 8],
			"to": [6.70711, 0.72918, 9],
			"rotation": {"angle": 0, "axis": "z", "origin": [-1.29289, 6.97918, 15]},
			"faces": {
				"north": {"uv": [3, 10.5, 3.5, 11], "texture": "#0"},
				"east": {"uv": [14.5, 3.5, 15, 4], "texture": "#0"},
				"south": {"uv": [14.5, 4, 15, 4.5], "texture": "#0"},
				"west": {"uv": [14.5, 4.5, 15, 5], "texture": "#0"},
				"up": {"uv": [15, 6, 14.5, 5.5], "texture": "#0"},
				"down": {"uv": [15, 6, 14.5, 6.5], "texture": "#0"}
			}
		},
		{
			"from": [10.57322, 3.90901, 7.99],
			"to": [12.07322, 4.40901, 9.01],
			"rotation": {"angle": -45, "axis": "z", "origin": [4.07322, 10.65901, 15]},
			"faces": {
				"north": {"uv": [14.5, 6.5, 15, 7], "texture": "#0"},
				"east": {"uv": [14.5, 7.5, 15, 8], "texture": "#0"},
				"south": {"uv": [14.5, 9, 15, 9.5], "texture": "#0"},
				"west": {"uv": [14.5, 9.5, 15, 10], "texture": "#0"},
				"up": {"uv": [15, 10.5, 14.5, 10], "texture": "#0"},
				"down": {"uv": [15, 10.5, 14.5, 11], "texture": "#0"}
			}
		},
		{
			"from": [10.57322, 4.40901, 8],
			"to": [11.07322, 5.65901, 9],
			"rotation": {"angle": -45, "axis": "z", "origin": [4.07322, 10.65901, 15]},
			"faces": {
				"north": {"uv": [14.5, 14, 15, 14.5], "texture": "#0"},
				"east": {"uv": [14.5, 14, 15, 14.5], "texture": "#0"},
				"south": {"uv": [14.5, 14, 15, 14.5], "texture": "#0"},
				"west": {"uv": [14.5, 14, 15, 14.5], "texture": "#0"},
				"up": {"uv": [15, 10.5, 14.5, 10], "texture": "#0"},
				"down": {"uv": [15, 10.5, 14.5, 11], "texture": "#0"}
			}
		},
		{
			"from": [6.75045, 17.17356, 7.25],
			"to": [9.25045, 20.67356, 9.75],
			"rotation": {"angle": 0, "axis": "z", "origin": [14.25045, 11.17356, 15]},
			"faces": {
				"north": {"uv": [6.5, 0, 8, 2], "texture": "#0"},
				"east": {"uv": [2, 7, 3.5, 9], "texture": "#0"},
				"south": {"uv": [5, 7, 6.5, 9], "texture": "#0"},
				"west": {"uv": [6.5, 7, 8, 9], "texture": "#0"},
				"up": {"uv": [10, 3.5, 8.5, 2], "texture": "#0"},
				"down": {"uv": [3.5, 9, 2, 10.5], "texture": "#0"}
			}
		},
		{
			"from": [6.25045, 19.17356, 7.25],
			"to": [9.75045, 20.17356, 9.75],
			"rotation": {"angle": 0, "axis": "z", "origin": [14.25045, 11.17356, 15]},
			"faces": {
				"north": {"uv": [12, 0.5, 14, 1], "texture": "#0"},
				"east": {"uv": [8, 7.5, 9.5, 8], "texture": "#0"},
				"south": {"uv": [12, 1, 14, 1.5], "texture": "#0"},
				"west": {"uv": [13, 7.5, 14.5, 8], "texture": "#0"},
				"up": {"uv": [8.5, 3.5, 6.5, 2], "texture": "#0"},
				"down": {"uv": [9, 3.5, 7, 5], "texture": "#0"}
			}
		},
		{
			"from": [4.98268, 19.94133, 7.25],
			"to": [11.02268, 20.69133, 9.75],
			"rotation": {"angle": 0, "axis": "z", "origin": [12.48268, 13.94133, 15]},
			"faces": {
				"north": {"uv": [3.5, 3, 6.5, 3.5], "texture": "#0"},
				"east": {"uv": [13, 9, 14.5, 9.5], "texture": "#0"},
				"south": {"uv": [10.5, 8.5, 13.5, 9], "texture": "#0"},
				"west": {"uv": [13, 9.5, 14.5, 10], "texture": "#0"},
				"up": {"uv": [6.5, 1.5, 3.5, 0], "texture": "#0"},
				"down": {"uv": [6.5, 1.5, 3.5, 3], "texture": "#0"}
			}
		},
		{
			"from": [4.98268, 21.44133, 7],
			"to": [11.52268, 22.69133, 10],
			"rotation": {"angle": 0, "axis": "z", "origin": [12.48268, 15.44133, 15]},
			"faces": {
				"north": {"uv": [9.5, 9, 13, 9.5], "texture": "#0"},
				"east": {"uv": [13, 10, 14.5, 10.5], "texture": "#0"},
				"south": {"uv": [10.5, 5, 14, 5.5], "texture": "#0"},
				"west": {"uv": [13, 10.5, 14.5, 11], "texture": "#0"},
				"up": {"uv": [3.5, 1.5, 0, 0], "texture": "#0"},
				"down": {"uv": [3.5, 1.5, 0, 3], "texture": "#0"}
			}
		},
		{
			"from": [1.98268, 22.44133, 6.98],
			"to": [8.52268, 24.19133, 10.02],
			"rotation": {"angle": 22.5, "axis": "z", "origin": [9.48268, 17.44133, 15]},
			"faces": {
				"north": {"uv": [5, 5, 8.5, 6], "texture": "#0"},
				"east": {"uv": [10.5, 9.5, 12, 10.5], "texture": "#0"},
				"south": {"uv": [5, 6, 8.5, 7], "texture": "#0"},
				"west": {"uv": [5, 11.5, 6.5, 12.5], "texture": "#0"},
				"up": {"uv": [3.5, 4.5, 0, 3], "texture": "#0"},
				"down": {"uv": [7, 3.5, 3.5, 5], "texture": "#0"}
			}
		},
		{
			"from": [0.23268, 16.19133, 6.97],
			"to": [2.23268, 20.19133, 10.01],
			"rotation": {"angle": 0, "axis": "z", "origin": [6.98268, 21.69133, 15]},
			"faces": {
				"north": {"uv": [10.5, 10.5, 11.5, 12.5], "texture": "#0"},
				"east": {"uv": [3.5, 7.5, 5, 9.5], "texture": "#0"},
				"south": {"uv": [10.5, 3, 11.5, 5], "texture": "#0"},
				"west": {"uv": [8, 8, 9.5, 10], "texture": "#0"},
				"up": {"uv": [10, 13, 9, 11.5], "texture": "#0"},
				"down": {"uv": [12.5, 11.5, 11.5, 13], "texture": "#0"}
			}
		},
		{
			"from": [2.47587, 13.95492, 7],
			"to": [3.97587, 18.80492, 10],
			"rotation": {"angle": -22.5, "axis": "z", "origin": [8.72587, 19.45492, 15]},
			"faces": {
				"north": {"uv": [8.5, 5, 9.5, 7.5], "texture": "#0"},
				"east": {"uv": [2, 4.5, 3.5, 7], "texture": "#0"},
				"south": {"uv": [0, 9, 1, 11.5], "texture": "#0"},
				"west": {"uv": [3.5, 5, 5, 7.5], "texture": "#0"},
				"up": {"uv": [12.5, 4.5, 11.5, 3], "texture": "#0"},
				"down": {"uv": [12.5, 5.5, 11.5, 7], "texture": "#0"}
			}
		},
		{
			"from": [8.7683, 21.1441, 7],
			"to": [10.0583, 22.3441, 10],
			"rotation": {"angle": -22.5, "axis": "z", "origin": [11.0183, 15.5941, 15]},
			"faces": {
				"north": {"uv": [1.5, 15, 2, 15.5], "texture": "#0"},
				"east": {"uv": [13, 11, 14.5, 11.5], "texture": "#0"},
				"south": {"uv": [4.5, 15, 5, 15.5], "texture": "#0"},
				"west": {"uv": [0, 13.5, 1.5, 14], "texture": "#0"},
				"up": {"uv": [9.5, 14.5, 9, 13], "texture": "#0"},
				"down": {"uv": [10, 13, 9.5, 14.5], "texture": "#0"}
			}
		},
		{
			"from": [13.09467, 18.86903, 7],
			"to": [13.94467, 19.71903, 10],
			"rotation": {"angle": 22.5, "axis": "z", "origin": [7.09467, 17.86903, 15]},
			"faces": {
				"north": {"uv": [6.5, 15, 7, 15.5], "texture": "#0"},
				"east": {"uv": [3, 13.5, 4.5, 14], "texture": "#0"},
				"south": {"uv": [8, 15, 8.5, 15.5], "texture": "#0"},
				"west": {"uv": [10, 13.5, 11.5, 14], "texture": "#0"},
				"up": {"uv": [2, 15, 1.5, 13.5], "texture": "#0"},
				"down": {"uv": [5, 13.5, 4.5, 15], "texture": "#0"}
			}
		},
		{
			"from": [-1.45666, 16.39539, 7.25],
			"to": [1.04334, 17.39539, 9.75],
			"rotation": {"angle": -45, "axis": "z", "origin": [6.04334, 10.39539, 15]},
			"faces": {
				"north": {"uv": [11.5, 13.5, 13, 14], "texture": "#0"},
				"east": {"uv": [13, 13.5, 14.5, 14], "texture": "#0"},
				"south": {"uv": [13.5, 8, 15, 8.5], "texture": "#0"},
				"west": {"uv": [13.5, 8.5, 15, 9], "texture": "#0"},
				"up": {"uv": [6.5, 10.5, 5, 9], "texture": "#0"},
				"down": {"uv": [8, 9, 6.5, 10.5], "texture": "#0"}
			}
		},
		{
			"from": [6.76517, 24.58777, 7.23],
			"to": [7.76517, 27.08777, 9.76],
			"rotation": {"angle": -45, "axis": "z", "origin": [0.76517, 19.58777, 15]},
			"faces": {
				"north": {"uv": [6.5, 13.5, 7, 15], "texture": "#0"},
				"east": {"uv": [9, 3.5, 10.5, 5], "texture": "#0"},
				"south": {"uv": [0, 14, 0.5, 15.5], "texture": "#0"},
				"west": {"uv": [3.5, 9.5, 5, 11], "texture": "#0"},
				"up": {"uv": [1, 15.5, 0.5, 14], "texture": "#0"},
				"down": {"uv": [1.5, 14, 1, 15.5], "texture": "#0"}
			}
		},
		{
			"from": [10.30045, 24.47356, 7.15],
			"to": [11.15045, 25.32356, 9.85],
			"rotation": {"angle": 45, "axis": "z", "origin": [17.60045, 18.27356, 15]},
			"faces": {
				"north": {"uv": [8.5, 15, 9, 15.5], "texture": "#0"},
				"east": {"uv": [3, 14, 4.5, 14.5], "texture": "#0"},
				"south": {"uv": [9, 15, 9.5, 15.5], "texture": "#0"},
				"west": {"uv": [5, 14, 6.5, 14.5], "texture": "#0"},
				"up": {"uv": [7.5, 15.5, 7, 14], "texture": "#0"},
				"down": {"uv": [8, 14, 7.5, 15.5], "texture": "#0"}
			}
		},
		{
			"from": [4.98268, 20.69133, 7.35],
			"to": [11.02268, 21.44133, 9.65],
			"rotation": {"angle": 0, "axis": "z", "origin": [12.48268, 14.69133, 15]},
			"faces": {
				"north": {"uv": [11, 1.5, 14, 2], "texture": "#0"},
				"east": {"uv": [10.5, 14.5, 11.5, 15], "texture": "#0"},
				"south": {"uv": [11.5, 4.5, 14.5, 5], "texture": "#0"},
				"west": {"uv": [11.5, 14.5, 12.5, 15], "texture": "#0"},
				"up": {"uv": [11, 1, 8, 0], "texture": "#0"},
				"down": {"uv": [11, 1, 8, 2], "texture": "#0"}
			}
		},
		{
			"from": [4.66466, 21.11386, 7.35],
			"to": [7.45466, 22.51386, 9.65],
			"rotation": {"angle": 22.5, "axis": "z", "origin": [8.91466, 15.76386, 15]},
			"faces": {
				"north": {"uv": [10, 14, 11.5, 14.5], "texture": "#0"},
				"east": {"uv": [12.5, 14.5, 13.5, 15], "texture": "#0"},
				"south": {"uv": [11.5, 14, 13, 14.5], "texture": "#0"},
				"west": {"uv": [13.5, 14.5, 14.5, 15], "texture": "#0"},
				"up": {"uv": [13, 8, 11.5, 7], "texture": "#0"},
				"down": {"uv": [13, 10.5, 11.5, 11.5], "texture": "#0"}
			}
		},
		{
			"from": [6.66466, 21.11386, 7.35],
			"to": [8.95466, 21.81386, 9.65],
			"rotation": {"angle": 22.5, "axis": "z", "origin": [8.91466, 15.76386, 15]},
			"faces": {
				"north": {"uv": [14.5, 14.5, 15.5, 15], "texture": "#0"},
				"east": {"uv": [14.5, 0.5, 15.5, 1], "texture": "#0"},
				"south": {"uv": [14.5, 1, 15.5, 1.5], "texture": "#0"},
				"west": {"uv": [14.5, 3, 15.5, 3.5], "texture": "#0"},
				"up": {"uv": [13, 3, 12, 2], "texture": "#0"},
				"down": {"uv": [13, 9.5, 12, 10.5], "texture": "#0"}
			}
		},
		{
			"from": [7.98268, 19.94133, 6.5],
			"to": [11.52268, 20.69133, 7.25],
			"rotation": {"angle": 0, "axis": "z", "origin": [10.23268, 13.94133, 12.5]},
			"faces": {
				"north": {"uv": [3, 12.5, 5, 13], "texture": "#0"},
				"east": {"uv": [9.5, 15, 10, 15.5], "texture": "#0"},
				"south": {"uv": [12.5, 12.5, 14.5, 13], "texture": "#0"},
				"west": {"uv": [10.5, 15, 11, 15.5], "texture": "#0"},
				"up": {"uv": [14.5, 3.5, 12.5, 3], "texture": "#0"},
				"down": {"uv": [14.5, 3.5, 12.5, 4], "texture": "#0"}
			}
		},
		{
			"from": [8.7683, 19.5941, 6.5],
			"to": [12.3083, 20.3441, 7.25],
			"rotation": {"angle": -22.5, "axis": "z", "origin": [11.0183, 13.5941, 12.5]},
			"faces": {
				"north": {"uv": [12.5, 4, 14.5, 4.5], "texture": "#0"},
				"east": {"uv": [11, 15, 11.5, 15.5], "texture": "#0"},
				"south": {"uv": [12.5, 5.5, 14.5, 6], "texture": "#0"},
				"west": {"uv": [11.5, 15, 12, 15.5], "texture": "#0"},
				"up": {"uv": [14.5, 6.5, 12.5, 6], "texture": "#0"},
				"down": {"uv": [14.5, 6.5, 12.5, 7], "texture": "#0"}
			}
		},
		{
			"from": [14.46926, 16.24942, 6.5],
			"to": [14.99926, 16.77942, 7.25],
			"rotation": {"angle": 22.5, "axis": "z", "origin": [8.46926, 17.53942, 12.5]},
			"faces": {
				"north": {"uv": [12, 15, 12.5, 15.5], "texture": "#0"},
				"east": {"uv": [12.5, 15, 13, 15.5], "texture": "#0"},
				"south": {"uv": [13, 15, 13.5, 15.5], "texture": "#0"},
				"west": {"uv": [13.5, 15, 14, 15.5], "texture": "#0"},
				"up": {"uv": [14.5, 15.5, 14, 15], "texture": "#0"},
				"down": {"uv": [15, 15, 14.5, 15.5], "texture": "#0"}
			}
		},
		{
			"from": [7.98268, 19.94133, 9.75],
			"to": [11.52268, 20.69133, 10.5],
			"rotation": {"angle": 0, "axis": "z", "origin": [10.23268, 13.94133, 15.75]},
			"faces": {
				"north": {"uv": [12.5, 11.5, 14.5, 12], "texture": "#0"},
				"east": {"uv": [15, 15, 15.5, 15.5], "texture": "#0"},
				"south": {"uv": [12.5, 12, 14.5, 12.5], "texture": "#0"},
				"west": {"uv": [15, 0, 15.5, 0.5], "texture": "#0"},
				"up": {"uv": [5, 13.5, 3, 13], "texture": "#0"},
				"down": {"uv": [12.5, 13, 10.5, 13.5], "texture": "#0"}
			}
		},
		{
			"from": [8.7683, 19.5941, 9.75],
			"to": [12.3083, 20.3441, 10.5],
			"rotation": {"angle": -22.5, "axis": "z", "origin": [11.0183, 13.5941, 15.75]},
			"faces": {
				"north": {"uv": [12.5, 13, 14.5, 13.5], "texture": "#0"},
				"east": {"uv": [15, 1.5, 15.5, 2], "texture": "#0"},
				"south": {"uv": [13, 2, 15, 2.5], "texture": "#0"},
				"west": {"uv": [15, 2, 15.5, 2.5], "texture": "#0"},
				"up": {"uv": [15, 3, 13, 2.5], "texture": "#0"},
				"down": {"uv": [15, 7, 13, 7.5], "texture": "#0"}
			}
		},
		{
			"from": [14.46926, 16.24942, 9.75],
			"to": [14.99926, 16.77942, 10.5],
			"rotation": {"angle": 22.5, "axis": "z", "origin": [8.46926, 17.53942, 15.75]},
			"faces": {
				"north": {"uv": [15, 2.5, 15.5, 3], "texture": "#0"},
				"east": {"uv": [15, 3.5, 15.5, 4], "texture": "#0"},
				"south": {"uv": [15, 4, 15.5, 4.5], "texture": "#0"},
				"west": {"uv": [15, 4.5, 15.5, 5], "texture": "#0"},
				"up": {"uv": [15.5, 5.5, 15, 5], "texture": "#0"},
				"down": {"uv": [15.5, 5.5, 15, 6], "texture": "#0"}
			}
		}
	],
	"display": {
		"thirdperson_righthand": {
			"rotation": [0, -90, 0],
			"translation": [0.5, 0, 5]
		},
		"thirdperson_lefthand": {
			"rotation": [0, 90, 0],
			"translation": [-0.5, 0, 5]
		},
		"firstperson_righthand": {
			"rotation": [0, -90, 0],
			"scale": [0.75, 0.75, 0.75]
		},
		"firstperson_lefthand": {
			"rotation": [0, 90, 0],
			"scale": [0.75, 0.75, 0.75]
		},
		"ground": {
			"scale": [0.5, 0.5, 0.5]
		},
		"gui": {
			"rotation": [0, -180, 45],
			"translation": [-3.25, -2.25, 0],
			"scale": [0.75, 0.75, 0.75]
		},
		"fixed": {
			"translation": [0.5, -2.5, 0],
			"scale": [0.75, 0.75, 0.75]
		}
	},
	"groups": [
		{
			"name": "Hyper Space",
			"origin": [8, 8, 8],
			"children": [
				{
					"name": "Handle",
					"origin": [8, 8, 8],
					"children": [0, 1, 2]
				},
				{
					"name": "Grip",
					"origin": [8, 8, 8],
					"children": [3, 4, 5, 6, 7, 8, 9, 10, 11, 12]
				},
				{
					"name": "Pick",
					"origin": [8, 8, 8],
					"children": [13, 14, 15, 16, 17, 18, 19, 20, 21, 22, 23, 24]
				},
				{
					"name": "Gold",
					"origin": [8, 8, 8],
					"children": [25, 26, 27,
						{
							"name": "Horn",
							"origin": [8, 8, 8],
							"children": [28, 29, 30]
						},
						{
							"name": "Horn",
							"origin": [8, 8, 8],
							"children": [31, 32, 33]
						}
					]
				}
			]
		}
	]
}