{
	"credit": "Made with Blockbench",
	"texture_size": [32, 32],
	"textures": {
		"0": "item/king_pickaxe",
		"particle": "item/king_pickaxe"
	},
	"elements": [
		{
			"from": [-0.5, 1, 9.5],
			"to": [2.5, 2, 12.5],
			"rotation": {"angle": -45, "axis": "y", "origin": [8, 9, 18]},
			"faces": {
				"north": {"uv": [3.5, 9.5, 5, 10], "texture": "#0"},
				"east": {"uv": [6.5, 9.5, 8, 10], "texture": "#0"},
				"south": {"uv": [8, 9.5, 9.5, 10], "texture": "#0"},
				"west": {"uv": [9.5, 9.5, 11, 10], "texture": "#0"},
				"up": {"uv": [5.5, 4, 4, 2.5], "texture": "#0"},
				"down": {"uv": [7, 2.5, 5.5, 4], "texture": "#0"}
			}
		},
		{
			"from": [-0.5, 13, 9.5],
			"to": [2.5, 14, 12.5],
			"rotation": {"angle": -45, "axis": "y", "origin": [8, 21, 18]},
			"faces": {
				"north": {"uv": [9.5, 1.5, 11, 2], "texture": "#0"},
				"east": {"uv": [9.5, 2, 11, 2.5], "texture": "#0"},
				"south": {"uv": [9.5, 2.5, 11, 3], "texture": "#0"},
				"west": {"uv": [9.5, 4.5, 11, 5], "texture": "#0"},
				"up": {"uv": [5.5, 7.5, 4, 6], "texture": "#0"},
				"down": {"uv": [7, 6, 5.5, 7.5], "texture": "#0"}
			}
		},
		{
			"from": [-0.5, 15, 9.5],
			"to": [2.5, 16, 12.5],
			"rotation": {"angle": -45, "axis": "y", "origin": [8, 23, 18]},
			"faces": {
				"north": {"uv": [9.5, 5, 11, 5.5], "texture": "#0"},
				"east": {"uv": [9.5, 5.5, 11, 6], "texture": "#0"},
				"south": {"uv": [9.5, 6, 11, 6.5], "texture": "#0"},
				"west": {"uv": [9.5, 6.5, 11, 7], "texture": "#0"},
				"up": {"uv": [7.5, 1.5, 6, 0], "texture": "#0"},
				"down": {"uv": [7.5, 4, 6, 5.5], "texture": "#0"}
			}
		},
		{
			"from": [6.5, 17, 6.5],
			"to": [9.5, 18, 9.5],
			"rotation": {"angle": 0, "axis": "y", "origin": [15, 25, 15]},
			"faces": {
				"north": {"uv": [9.5, 7, 11, 7.5], "texture": "#0"},
				"east": {"uv": [9.5, 7.5, 11, 8], "texture": "#0"},
				"south": {"uv": [9.5, 8, 11, 8.5], "texture": "#0"},
				"west": {"uv": [3.5, 10, 5, 10.5], "texture": "#0"},
				"up": {"uv": [8.5, 8.5, 7, 7], "texture": "#0"},
				"down": {"uv": [8.5, 1.5, 7, 3], "texture": "#0"}
			}
		},
		{
			"from": [0, 0, 10],
			"to": [2, 3, 12],
			"rotation": {"angle": -45, "axis": "y", "origin": [8, 9, 18]},
			"faces": {
				"north": {"uv": [8.5, 1.5, 9.5, 3], "texture": "#0"},
				"east": {"uv": [8.5, 5.5, 9.5, 7], "texture": "#0"},
				"south": {"uv": [8.5, 7, 9.5, 8.5], "texture": "#0"},
				"west": {"uv": [0, 9, 1, 10.5], "texture": "#0"},
				"up": {"uv": [2, 1, 1, 0], "texture": "#0"},
				"down": {"uv": [4, 2, 3, 3], "texture": "#0"}
			}
		},
		{
			"from": [0, 12, 10],
			"to": [2, 17, 12],
			"rotation": {"angle": -45, "axis": "y", "origin": [8, 21, 18]},
			"faces": {
				"north": {"uv": [4, 0, 5, 2.5], "texture": "#0"},
				"east": {"uv": [0, 4.5, 1, 7], "texture": "#0"},
				"south": {"uv": [5, 0, 6, 2.5], "texture": "#0"},
				"west": {"uv": [1, 5.5, 2, 8], "texture": "#0"},
				"up": {"uv": [7, 2.5, 6, 1.5], "texture": "#0"},
				"down": {"uv": [3, 6.5, 2, 7.5], "texture": "#0"}
			}
		},
		{
			"from": [0.25, 3, 10.25],
			"to": [1.75, 12, 11.75],
			"rotation": {"angle": -45, "axis": "y", "origin": [8, 12, 18]},
			"faces": {
				"north": {"uv": [0, 0, 1, 4.5], "texture": "#0"},
				"east": {"uv": [1, 1, 2, 5.5], "texture": "#0"},
				"south": {"uv": [2, 2, 3, 6.5], "texture": "#0"},
				"west": {"uv": [3, 3, 4, 7.5], "texture": "#0"},
				"up": {"uv": [1, 8, 0, 7], "texture": "#0"},
				"down": {"uv": [2, 9, 1, 10], "texture": "#0"}
			}
		},
		{
			"from": [6, 18, 6],
			"to": [10, 20, 10],
			"rotation": {"angle": 0, "axis": "y", "origin": [15, 26, 15]},
			"faces": {
				"north": {"uv": [7.5, 4.5, 9.5, 5.5], "texture": "#0"},
				"east": {"uv": [0, 8, 2, 9], "texture": "#0"},
				"south": {"uv": [6.5, 8.5, 8.5, 9.5], "texture": "#0"},
				"west": {"uv": [8.5, 8.5, 10.5, 9.5], "texture": "#0"},
				"up": {"uv": [4, 2, 2, 0], "texture": "#0"},
				"down": {"uv": [6, 4, 4, 6], "texture": "#0"}
			}
		},
		{
			"from": [6.5, 20, 6.5],
			"to": [9.5, 23, 9.5],
			"rotation": {"angle": 0, "axis": "y", "origin": [15, 28, 15]},
			"faces": {
				"north": {"uv": [7, 5.5, 8.5, 7], "texture": "#0"},
				"east": {"uv": [2, 7.5, 3.5, 9], "texture": "#0"},
				"south": {"uv": [3.5, 7.5, 5, 9], "texture": "#0"},
				"west": {"uv": [5, 7.5, 6.5, 9], "texture": "#0"},
				"up": {"uv": [9, 1.5, 7.5, 0], "texture": "#0"},
				"down": {"uv": [9, 3, 7.5, 4.5], "texture": "#0"}
			}
		},
		{
			"from": [7.5, 23.91494, 6.25673],
			"to": [8.5, 24.91494, 9.75673],
			"rotation": {"angle": 0, "axis": "x", "origin": [15, 32.41494, 14.25673]},
			"faces": {
				"north": {"uv": [10.5, 10, 11, 10.5], "texture": "#0"},
				"east": {"uv": [2, 9, 4, 9.5], "texture": "#0"},
				"south": {"uv": [11.5, 5.5, 12, 6], "texture": "#0"},
				"west": {"uv": [4, 9, 6, 9.5], "texture": "#0"},
				"up": {"uv": [6.5, 11, 6, 9], "texture": "#0"},
				"down": {"uv": [2.5, 9.5, 2, 11.5], "texture": "#0"}
			}
		},
		{
			"from": [6.24327, 23.91494, 7.5],
			"to": [9.74327, 24.91494, 8.5],
			"rotation": {"angle": 0, "axis": "z", "origin": [1.74327, 32.41494, 15]},
			"faces": {
				"north": {"uv": [9, 0, 11, 0.5], "texture": "#0"},
				"east": {"uv": [11.5, 6, 12, 6.5], "texture": "#0"},
				"south": {"uv": [9, 0.5, 11, 1], "texture": "#0"},
				"west": {"uv": [11.5, 6.5, 12, 7], "texture": "#0"},
				"up": {"uv": [11, 1.5, 9, 1], "texture": "#0"},
				"down": {"uv": [11, 3, 9, 3.5], "texture": "#0"}
			}
		},
		{
			"from": [11.5, 15.25, 7.5],
			"to": [12.5, 18.25, 8.5],
			"rotation": {"angle": -22.5, "axis": "z", "origin": [20, 23.25, 15]},
			"faces": {
				"north": {"uv": [5, 9.5, 5.5, 11], "texture": "#0"},
				"east": {"uv": [5.5, 9.5, 6, 11], "texture": "#0"},
				"south": {"uv": [1, 10, 1.5, 11.5], "texture": "#0"},
				"west": {"uv": [1.5, 10, 2, 11.5], "texture": "#0"},
				"up": {"uv": [12, 7.5, 11.5, 7], "texture": "#0"},
				"down": {"uv": [12, 7.5, 11.5, 8], "texture": "#0"}
			}
		},
		{
			"from": [2.30393, 26.46088, 7.5],
			"to": [3.30393, 28.46088, 8.5],
			"rotation": {"angle": 45, "axis": "z", "origin": [10.80393, 34.46088, 15]},
			"faces": {
				"north": {"uv": [7, 3, 7.5, 4], "texture": "#0"},
				"east": {"uv": [6.5, 7.5, 7, 8.5], "texture": "#0"},
				"south": {"uv": [10, 3.5, 10.5, 4.5], "texture": "#0"},
				"west": {"uv": [3.5, 10.5, 4, 11.5], "texture": "#0"},
				"up": {"uv": [12, 8.5, 11.5, 8], "texture": "#0"},
				"down": {"uv": [12, 8.5, 11.5, 9], "texture": "#0"}
			}
		},
		{
			"from": [10.15749, 21.50073, 7.5],
			"to": [11.15749, 23.50073, 8.5],
			"rotation": {"angle": 0, "axis": "x", "origin": [18.65749, 29.50073, 15]},
			"faces": {
				"north": {"uv": [4, 10.5, 4.5, 11.5], "texture": "#0"},
				"east": {"uv": [4.5, 10.5, 5, 11.5], "texture": "#0"},
				"south": {"uv": [10.5, 10.5, 11, 11.5], "texture": "#0"},
				"west": {"uv": [10.5, 3.5, 11, 4.5], "texture": "#0"},
				"up": {"uv": [12, 9.5, 11.5, 9], "texture": "#0"},
				"down": {"uv": [12, 9.5, 11.5, 10], "texture": "#0"}
			}
		},
		{
			"from": [3.5, 15.25, 7.5],
			"to": [4.5, 18.25, 8.5],
			"rotation": {"angle": 22.5, "axis": "z", "origin": [-4, 23.25, 1]},
			"faces": {
				"north": {"uv": [6.5, 10, 7, 11.5], "texture": "#0"},
				"east": {"uv": [7, 10, 7.5, 11.5], "texture": "#0"},
				"south": {"uv": [7.5, 10, 8, 11.5], "texture": "#0"},
				"west": {"uv": [8, 10, 8.5, 11.5], "texture": "#0"},
				"up": {"uv": [12, 10.5, 11.5, 10], "texture": "#0"},
				"down": {"uv": [12, 10.5, 11.5, 11], "texture": "#0"}
			}
		},
		{
			"from": [12.69607, 26.46088, 7.5],
			"to": [13.69607, 28.46088, 8.5],
			"rotation": {"angle": -45, "axis": "z", "origin": [5.19607, 34.46088, 1]},
			"faces": {
				"north": {"uv": [10.5, 8.5, 11, 9.5], "texture": "#0"},
				"east": {"uv": [5, 11, 5.5, 12], "texture": "#0"},
				"south": {"uv": [5.5, 11, 6, 12], "texture": "#0"},
				"west": {"uv": [6, 11, 6.5, 12], "texture": "#0"},
				"up": {"uv": [12, 11.5, 11.5, 11], "texture": "#0"},
				"down": {"uv": [0.5, 12, 0, 12.5], "texture": "#0"}
			}
		},
		{
			"from": [4.84251, 21.50073, 7.5],
			"to": [5.84251, 23.50073, 8.5],
			"rotation": {"angle": 0, "axis": "x", "origin": [-2.65749, 29.50073, 1]},
			"faces": {
				"north": {"uv": [11, 11, 11.5, 12], "texture": "#0"},
				"east": {"uv": [11, 0, 11.5, 1], "texture": "#0"},
				"south": {"uv": [11, 1, 11.5, 2], "texture": "#0"},
				"west": {"uv": [11, 2, 11.5, 3], "texture": "#0"},
				"up": {"uv": [1, 12.5, 0.5, 12], "texture": "#0"},
				"down": {"uv": [3, 12, 2.5, 12.5], "texture": "#0"}
			}
		},
		{
			"from": [7.5, 15.25, 3.5],
			"to": [8.5, 18.25, 4.5],
			"rotation": {"angle": -22.5, "axis": "x", "origin": [15, 23.25, -4]},
			"faces": {
				"north": {"uv": [8.5, 10, 9, 11.5], "texture": "#0"},
				"east": {"uv": [9, 10, 9.5, 11.5], "texture": "#0"},
				"south": {"uv": [9.5, 10, 10, 11.5], "texture": "#0"},
				"west": {"uv": [10, 10, 10.5, 11.5], "texture": "#0"},
				"up": {"uv": [3.5, 12.5, 3, 12], "texture": "#0"},
				"down": {"uv": [5.5, 12, 5, 12.5], "texture": "#0"}
			}
		},
		{
			"from": [7.5, 26.46088, 12.69607],
			"to": [8.5, 28.46088, 13.69607],
			"rotation": {"angle": 45, "axis": "x", "origin": [15, 34.46088, 5.19607]},
			"faces": {
				"north": {"uv": [11, 3, 11.5, 4], "texture": "#0"},
				"east": {"uv": [11, 4, 11.5, 5], "texture": "#0"},
				"south": {"uv": [11, 5, 11.5, 6], "texture": "#0"},
				"west": {"uv": [11, 6, 11.5, 7], "texture": "#0"},
				"up": {"uv": [6, 12.5, 5.5, 12], "texture": "#0"},
				"down": {"uv": [6.5, 12, 6, 12.5], "texture": "#0"}
			}
		},
		{
			"from": [7.5, 21.50073, 4.84251],
			"to": [8.5, 23.50073, 5.84251],
			"rotation": {"angle": 0, "axis": "x", "origin": [15, 29.50073, -2.65749]},
			"faces": {
				"north": {"uv": [11, 7, 11.5, 8], "texture": "#0"},
				"east": {"uv": [11, 8, 11.5, 9], "texture": "#0"},
				"south": {"uv": [11, 9, 11.5, 10], "texture": "#0"},
				"west": {"uv": [11, 10, 11.5, 11], "texture": "#0"},
				"up": {"uv": [11.5, 12.5, 11, 12], "texture": "#0"},
				"down": {"uv": [12.5, 12, 12, 12.5], "texture": "#0"}
			}
		},
		{
			"from": [7.5, 15.25, 11.5],
			"to": [8.5, 18.25, 12.5],
			"rotation": {"angle": 22.5, "axis": "x", "origin": [15, 23.25, 20]},
			"faces": {
				"north": {"uv": [0, 10.5, 0.5, 12], "texture": "#0"},
				"east": {"uv": [0.5, 10.5, 1, 12], "texture": "#0"},
				"south": {"uv": [2.5, 10.5, 3, 12], "texture": "#0"},
				"west": {"uv": [3, 10.5, 3.5, 12], "texture": "#0"},
				"up": {"uv": [12.5, 1, 12, 0.5], "texture": "#0"},
				"down": {"uv": [12.5, 1, 12, 1.5], "texture": "#0"}
			}
		},
		{
			"from": [7.5, 26.46088, 2.30393],
			"to": [8.5, 28.46088, 3.30393],
			"rotation": {"angle": -45, "axis": "x", "origin": [15, 34.46088, 10.80393]},
			"faces": {
				"north": {"uv": [1, 11.5, 1.5, 12.5], "texture": "#0"},
				"east": {"uv": [1.5, 11.5, 2, 12.5], "texture": "#0"},
				"south": {"uv": [2, 11.5, 2.5, 12.5], "texture": "#0"},
				"west": {"uv": [3.5, 11.5, 4, 12.5], "texture": "#0"},
				"up": {"uv": [12.5, 2, 12, 1.5], "texture": "#0"},
				"down": {"uv": [12.5, 2, 12, 2.5], "texture": "#0"}
			}
		},
		{
			"from": [7.5, 21.50073, 10.15749],
			"to": [8.5, 23.50073, 11.15749],
			"rotation": {"angle": 0, "axis": "x", "origin": [15, 29.50073, 18.65749]},
			"faces": {
				"north": {"uv": [4, 11.5, 4.5, 12.5], "texture": "#0"},
				"east": {"uv": [4.5, 11.5, 5, 12.5], "texture": "#0"},
				"south": {"uv": [6.5, 11.5, 7, 12.5], "texture": "#0"},
				"west": {"uv": [7, 11.5, 7.5, 12.5], "texture": "#0"},
				"up": {"uv": [12.5, 4, 12, 3.5], "texture": "#0"},
				"down": {"uv": [12.5, 4, 12, 4.5], "texture": "#0"}
			}
		},
		{
			"from": [7.5, 25, 7.5],
			"to": [8.5, 27, 8.5],
			"rotation": {"angle": 0, "axis": "y", "origin": [15.5, 33, 15.5]},
			"faces": {
				"north": {"uv": [7.5, 11.5, 8, 12.5], "texture": "#0"},
				"east": {"uv": [8, 11.5, 8.5, 12.5], "texture": "#0"},
				"south": {"uv": [8.5, 11.5, 9, 12.5], "texture": "#0"},
				"west": {"uv": [9, 11.5, 9.5, 12.5], "texture": "#0"},
				"up": {"uv": [12.5, 5, 12, 4.5], "texture": "#0"},
				"down": {"uv": [12.5, 5, 12, 5.5], "texture": "#0"}
			}
		},
		{
			"from": [7.49, 29, 0],
			"to": [8.51, 31, 2],
			"rotation": {"angle": -45, "axis": "x", "origin": [15.5, 37, 8]},
			"faces": {
				"north": {"uv": [9.5, 11.5, 10, 12.5], "texture": "#0"},
				"east": {"uv": [9, 3.5, 10, 4.5], "texture": "#0"},
				"south": {"uv": [10, 11.5, 10.5, 12.5], "texture": "#0"},
				"west": {"uv": [2.5, 9.5, 3.5, 10.5], "texture": "#0"},
				"up": {"uv": [11, 12.5, 10.5, 11.5], "texture": "#0"},
				"down": {"uv": [12, 11.5, 11.5, 12.5], "texture": "#0"}
			}
		},
		{
			"from": [7.5, 27.76326, 11.63551],
			"to": [8.5, 28.76326, 13.13551],
			"rotation": {"angle": 22.5, "axis": "x", "origin": [15.5, 35.76326, 5.63551]},
			"faces": {
				"north": {"uv": [12, 5.5, 12.5, 6], "texture": "#0"},
				"east": {"uv": [6, 5.5, 7, 6], "texture": "#0"},
				"south": {"uv": [12, 6, 12.5, 6.5], "texture": "#0"},
				"west": {"uv": [11.5, 0, 12.5, 0.5], "texture": "#0"},
				"up": {"uv": [12, 1.5, 11.5, 0.5], "texture": "#0"},
				"down": {"uv": [12, 1.5, 11.5, 2.5], "texture": "#0"}
			}
		},
		{
			"from": [7.5, 27.76326, 2.86449],
			"to": [8.5, 28.76326, 4.36449],
			"rotation": {"angle": -22.5, "axis": "x", "origin": [15.5, 35.76326, 10.36449]},
			"faces": {
				"north": {"uv": [12, 6.5, 12.5, 7], "texture": "#0"},
				"east": {"uv": [11.5, 2.5, 12.5, 3], "texture": "#0"},
				"south": {"uv": [12, 7, 12.5, 7.5], "texture": "#0"},
				"west": {"uv": [11.5, 3, 12.5, 3.5], "texture": "#0"},
				"up": {"uv": [12, 4.5, 11.5, 3.5], "texture": "#0"},
				"down": {"uv": [12, 4.5, 11.5, 5.5], "texture": "#0"}
			}
		}
	],
	"display": {
		"thirdperson_righthand": {
			"translation": [0, 0, 1.5]
		},
		"thirdperson_lefthand": {
			"translation": [0, 0, 1.5]
		},
		"firstperson_righthand": {
			"translation": [2.5, -1.5, 0],
			"scale": [0.75, 0.75, 0.75]
		},
		"firstperson_lefthand": {
			"translation": [2.5, -1.5, 0],
			"scale": [0.75, 0.75, 0.75]
		},
		"ground": {
			"translation": [0, 2, 0],
			"scale": [0.75, 0.75, 0.75]
		},
		"gui": {
			"rotation": [20, 14, -45],
			"translation": [-3, -3, 0],
			"scale": [0.75, 0.75, 0.75]
		},
		"fixed": {
			"rotation": [0, -90, 0],
			"translation": [0, -4.25, 0],
			"scale": [0.75, 0.75, 0.75]
		}
	},
	"groups": [
		{
			"name": "King Pickaxe",
			"origin": [8, 8, 8],
			"children": [
				{
					"name": "Handle",
					"origin": [8, 8, 8],
					"children": [0, 1, 2, 3, 4, 5, 6]
				},
				{
					"name": "Crown",
					"origin": [15, 26, 15],
					"children": [7, 8, 9, 10,
						{
							"name": "Frames",
							"origin": [15, 34.46088, 14.19607],
							"children": [
								{
									"name": "Frame",
									"origin": [15, 23.25, 20],
									"children": [11, 12, 13]
								},
								{
									"name": "Frame",
									"origin": [15, 23.25, 20],
									"children": [14, 15, 16]
								},
								{
									"name": "Frame",
									"origin": [15, 23.25, 20],
									"children": [17, 18, 19]
								},
								{
									"name": "Frame",
									"origin": [15, 23.25, 20],
									"children": [20, 21, 22]
								}
							]
						}
					]
				},
				{
					"name": "Top",
					"origin": [8, 8, 8],
					"children": [23, 24, 25, 26]
				}
			]
		}
	]
}