{
	"credit": "Made with Blockbench",
	"texture_size": [32, 32],
	"textures": {
		"0": "item/supernova_pickaxe",
		"particle": "item/supernova_pickaxe"
	},
	"elements": [
		{
			"from": [8, 0, 7],
			"to": [11, 1, 9],
			"rotation": {"angle": -22.5, "axis": "z", "origin": [17, 8, 15]},
			"faces": {
				"north": {"uv": [5.5, 9.5, 7, 10], "texture": "#0"},
				"east": {"uv": [2, 1.5, 3, 2], "texture": "#0"},
				"south": {"uv": [12.5, 10, 14, 10.5], "texture": "#0"},
				"west": {"uv": [2, 7.5, 3, 8], "texture": "#0"},
				"up": {"uv": [10.5, 1, 9, 0], "texture": "#0"},
				"down": {"uv": [10.5, 1, 9, 2], "texture": "#0"}
			}
		},
		{
			"from": [5.62362, 4.05311, 7],
			"to": [7.62362, 6.05311, 9],
			"rotation": {"angle": 0, "axis": "z", "origin": [14.62362, 12.05311, 15]},
			"faces": {
				"north": {"uv": [7.5, 3, 8.5, 4], "texture": "#0"},
				"east": {"uv": [3, 11.5, 4, 12.5], "texture": "#0"},
				"south": {"uv": [11.5, 10, 12.5, 11], "texture": "#0"},
				"west": {"uv": [4.5, 12, 5.5, 13], "texture": "#0"},
				"up": {"uv": [6.5, 13, 5.5, 12], "texture": "#0"},
				"down": {"uv": [7.5, 12, 6.5, 13], "texture": "#0"}
			}
		},
		{
			"from": [5.62362, 7.05311, 7],
			"to": [7.62362, 12.05311, 9],
			"rotation": {"angle": 0, "axis": "z", "origin": [14.62362, 15.05311, 15]},
			"faces": {
				"north": {"uv": [6.5, 1.5, 7.5, 4], "texture": "#0"},
				"east": {"uv": [4, 7, 5, 9.5], "texture": "#0"},
				"south": {"uv": [5, 7, 6, 9.5], "texture": "#0"},
				"west": {"uv": [6, 7, 7, 9.5], "texture": "#0"},
				"up": {"uv": [8.5, 13, 7.5, 12], "texture": "#0"},
				"down": {"uv": [9.5, 12, 8.5, 13], "texture": "#0"}
			}
		},
		{
			"from": [5.87362, 6.05311, 7.25],
			"to": [7.37362, 17.05311, 8.75],
			"rotation": {"angle": 0, "axis": "z", "origin": [14.62362, 14.05311, 15]},
			"faces": {
				"north": {"uv": [0, 0, 1, 5.5], "texture": "#0"},
				"east": {"uv": [1, 1, 2, 6.5], "texture": "#0"},
				"south": {"uv": [2, 2, 3, 7.5], "texture": "#0"},
				"west": {"uv": [3, 3, 4, 8.5], "texture": "#0"},
				"up": {"uv": [10.5, 13, 9.5, 12], "texture": "#0"},
				"down": {"uv": [11.5, 12, 10.5, 13], "texture": "#0"}
			}
		},
		{
			"from": [8.03911, 19.66646, 7.2501],
			"to": [12.03911, 21.16646, 8.7501],
			"rotation": {"angle": 22.5, "axis": "z", "origin": [16.03911, 12.41646, 15]},
			"faces": {
				"north": {"uv": [4, 3, 6, 4], "texture": "#0"},
				"east": {"uv": [1, 0, 2, 1], "texture": "#0"},
				"south": {"uv": [8.5, 4.5, 10.5, 5.5], "texture": "#0"},
				"west": {"uv": [0, 5.5, 1, 6.5], "texture": "#0"},
				"up": {"uv": [10.5, 6.5, 8.5, 5.5], "texture": "#0"},
				"down": {"uv": [10.5, 6.5, 8.5, 7.5], "texture": "#0"}
			}
		},
		{
			"from": [8.06913, 17.58385, 7.2502],
			"to": [9.56913, 20.58385, 8.7502],
			"rotation": {"angle": 0, "axis": "z", "origin": [0.81913, 13.58385, 15]},
			"faces": {
				"north": {"uv": [3, 8.5, 4, 10], "texture": "#0"},
				"east": {"uv": [0, 9.5, 1, 11], "texture": "#0"},
				"south": {"uv": [1, 9.5, 2, 11], "texture": "#0"},
				"west": {"uv": [2, 9.5, 3, 11], "texture": "#0"},
				"up": {"uv": [12.5, 13, 11.5, 12], "texture": "#0"},
				"down": {"uv": [13, 7.5, 12, 8.5], "texture": "#0"}
			}
		},
		{
			"from": [7.31913, 20.58385, 6.5],
			"to": [10.31913, 21.58385, 9.5],
			"rotation": {"angle": 0, "axis": "z", "origin": [0.81913, 16.58385, 15]},
			"faces": {
				"north": {"uv": [12.5, 10.5, 14, 11], "texture": "#0"},
				"east": {"uv": [12.5, 12, 14, 12.5], "texture": "#0"},
				"south": {"uv": [4.5, 13, 6, 13.5], "texture": "#0"},
				"west": {"uv": [6, 13, 7.5, 13.5], "texture": "#0"},
				"up": {"uv": [8.5, 8.5, 7, 7], "texture": "#0"},
				"down": {"uv": [8.5, 4, 7, 5.5], "texture": "#0"}
			}
		},
		{
			"name": "hexadecagon",
			"from": [8.30245, 21.602, 5.75],
			"to": [9.19755, 22.602, 10.25],
			"rotation": {"angle": -45, "axis": "y", "origin": [8.75, 22.1, 8]},
			"faces": {
				"north": {"uv": [2.5, 13.5, 3, 14], "texture": "#0"},
				"east": {"uv": [9, 10.5, 11.5, 11], "texture": "#0"},
				"south": {"uv": [14, 6.5, 14.5, 7], "texture": "#0"},
				"west": {"uv": [10.5, 0, 13, 0.5], "texture": "#0"},
				"up": {"uv": [11, 3, 10.5, 0.5], "texture": "#0"},
				"down": {"uv": [11, 4.5, 10.5, 7], "texture": "#0"}
			}
		},
		{
			"name": "hexadecagon",
			"from": [8.30245, 21.601, 5.75],
			"to": [9.19755, 22.601, 10.25],
			"rotation": {"angle": -22.5, "axis": "y", "origin": [8.75, 22.1, 8]},
			"faces": {
				"north": {"uv": [14, 10, 14.5, 10.5], "texture": "#0"},
				"east": {"uv": [10.5, 7, 13, 7.5], "texture": "#0"},
				"south": {"uv": [14, 10.5, 14.5, 11], "texture": "#0"},
				"west": {"uv": [0, 11, 2.5, 11.5], "texture": "#0"},
				"up": {"uv": [3, 13.5, 2.5, 11], "texture": "#0"},
				"down": {"uv": [4.5, 11, 4, 13.5], "texture": "#0"}
			}
		},
		{
			"name": "hexadecagon",
			"from": [8.30245, 21.599, 5.75],
			"to": [9.19755, 22.599, 10.25],
			"rotation": {"angle": 0, "axis": "x", "origin": [8.75, 22.1, 8]},
			"faces": {
				"north": {"uv": [14, 11.5, 14.5, 12], "texture": "#0"},
				"east": {"uv": [4.5, 11, 7, 11.5], "texture": "#0"},
				"south": {"uv": [14, 12, 14.5, 12.5], "texture": "#0"},
				"west": {"uv": [9, 11, 11.5, 11.5], "texture": "#0"},
				"up": {"uv": [11.5, 3, 11, 0.5], "texture": "#0"},
				"down": {"uv": [11.5, 4.5, 11, 7], "texture": "#0"}
			}
		},
		{
			"name": "hexadecagon",
			"from": [8.30245, 21.598, 5.75],
			"to": [9.19755, 22.598, 10.25],
			"rotation": {"angle": 22.5, "axis": "y", "origin": [8.75, 22.1, 8]},
			"faces": {
				"north": {"uv": [14, 13, 14.5, 13.5], "texture": "#0"},
				"east": {"uv": [11, 8.5, 13.5, 9], "texture": "#0"},
				"south": {"uv": [14, 13.5, 14.5, 14], "texture": "#0"},
				"west": {"uv": [11, 9, 13.5, 9.5], "texture": "#0"},
				"up": {"uv": [0.5, 14, 0, 11.5], "texture": "#0"},
				"down": {"uv": [1, 11.5, 0.5, 14], "texture": "#0"}
			}
		},
		{
			"name": "hexadecagon",
			"from": [8.30245, 21.597, 5.75],
			"to": [9.19755, 22.597, 10.25],
			"rotation": {"angle": 45, "axis": "y", "origin": [8.75, 22.1, 8]},
			"faces": {
				"north": {"uv": [0, 14.5, 0.5, 15], "texture": "#0"},
				"east": {"uv": [11, 9.5, 13.5, 10], "texture": "#0"},
				"south": {"uv": [0.5, 14.5, 1, 15], "texture": "#0"},
				"west": {"uv": [4.5, 11.5, 7, 12], "texture": "#0"},
				"up": {"uv": [1.5, 14, 1, 11.5], "texture": "#0"},
				"down": {"uv": [2, 11.5, 1.5, 14], "texture": "#0"}
			}
		},
		{
			"name": "hexadecagon",
			"from": [6.5, 21.6, 7.55245],
			"to": [11, 22.6, 8.44755],
			"rotation": {"angle": -22.5, "axis": "y", "origin": [8.75, 22.1, 8]},
			"faces": {
				"north": {"uv": [9, 11.5, 11.5, 12], "texture": "#0"},
				"east": {"uv": [1, 14.5, 1.5, 15], "texture": "#0"},
				"south": {"uv": [11.5, 11.5, 14, 12], "texture": "#0"},
				"west": {"uv": [2, 14.5, 2.5, 15], "texture": "#0"},
				"up": {"uv": [14, 1, 11.5, 0.5], "texture": "#0"},
				"down": {"uv": [14, 1, 11.5, 1.5], "texture": "#0"}
			}
		},
		{
			"name": "hexadecagon",
			"from": [6.5, 21.6, 7.55245],
			"to": [11, 22.6, 8.44755],
			"rotation": {"angle": 0, "axis": "x", "origin": [8.75, 22.1, 8]},
			"faces": {
				"north": {"uv": [11.5, 1.5, 14, 2], "texture": "#0"},
				"east": {"uv": [2.5, 14.5, 3, 15], "texture": "#0"},
				"south": {"uv": [11.5, 2, 14, 2.5], "texture": "#0"},
				"west": {"uv": [3, 14.5, 3.5, 15], "texture": "#0"},
				"up": {"uv": [14, 3, 11.5, 2.5], "texture": "#0"},
				"down": {"uv": [14, 4.5, 11.5, 5], "texture": "#0"}
			}
		},
		{
			"name": "hexadecagon",
			"from": [6.5, 21.6, 7.55245],
			"to": [11, 22.6, 8.44755],
			"rotation": {"angle": 22.5, "axis": "y", "origin": [8.75, 22.1, 8]},
			"faces": {
				"north": {"uv": [11.5, 5, 14, 5.5], "texture": "#0"},
				"east": {"uv": [3.5, 14.5, 4, 15], "texture": "#0"},
				"south": {"uv": [11.5, 5.5, 14, 6], "texture": "#0"},
				"west": {"uv": [4, 14.5, 4.5, 15], "texture": "#0"},
				"up": {"uv": [14, 6.5, 11.5, 6], "texture": "#0"},
				"down": {"uv": [14, 6.5, 11.5, 7], "texture": "#0"}
			}
		},
		{
			"name": "hexadecagon",
			"from": [11, 21.6, 6.55245],
			"to": [12, 23.6, 9.44755],
			"rotation": {"angle": 0, "axis": "x", "origin": [13.25, 22.1, 8]},
			"faces": {
				"north": {"uv": [6, 3, 6.5, 4], "texture": "#0"},
				"east": {"uv": [9, 2, 10.5, 3], "texture": "#0"},
				"south": {"uv": [14, 2, 14.5, 3], "texture": "#0"},
				"west": {"uv": [4, 9.5, 5.5, 10.5], "texture": "#0"},
				"up": {"uv": [2.5, 13, 2, 11.5], "texture": "#0"},
				"down": {"uv": [3.5, 12.5, 3, 14], "texture": "#0"}
			}
		},
		{
			"name": "hexadecagon",
			"from": [11.40165, 22.13033, 6.55245],
			"to": [12.40165, 24.63033, 9.44755],
			"rotation": {"angle": 45, "axis": "z", "origin": [13.65165, 22.13033, 8]},
			"faces": {
				"north": {"uv": [3.5, 12.5, 4, 14], "texture": "#0"},
				"east": {"uv": [7, 5.5, 8.5, 7], "texture": "#0"},
				"south": {"uv": [2, 13, 2.5, 14.5], "texture": "#0"},
				"west": {"uv": [7.5, 0, 9, 1.5], "texture": "#0"},
				"up": {"uv": [8, 14.5, 7.5, 13], "texture": "#0"},
				"down": {"uv": [8.5, 13, 8, 14.5], "texture": "#0"}
			}
		},
		{
			"name": "hexadecagon",
			"from": [12.06066, 20.53934, 6.55245],
			"to": [12.76866, 21.24934, 9.44755],
			"rotation": {"angle": 0, "axis": "z", "origin": [10.81066, 22.03934, 8]},
			"faces": {
				"north": {"uv": [4.5, 14.5, 5, 15], "texture": "#0"},
				"east": {"uv": [8.5, 13, 10, 13.5], "texture": "#0"},
				"south": {"uv": [5, 14.5, 5.5, 15], "texture": "#0"},
				"west": {"uv": [10, 13, 11.5, 13.5], "texture": "#0"},
				"up": {"uv": [12, 14.5, 11.5, 13], "texture": "#0"},
				"down": {"uv": [12.5, 13, 12, 14.5], "texture": "#0"}
			}
		},
		{
			"name": "hexadecagon",
			"from": [10, 21.601, 6.55245],
			"to": [11, 22.601, 9.44755],
			"rotation": {"angle": 0, "axis": "x", "origin": [13.25, 22.1, 8]},
			"faces": {
				"north": {"uv": [5.5, 14.5, 6, 15], "texture": "#0"},
				"east": {"uv": [12.5, 13, 14, 13.5], "texture": "#0"},
				"south": {"uv": [6, 14.5, 6.5, 15], "texture": "#0"},
				"west": {"uv": [13, 0, 14.5, 0.5], "texture": "#0"},
				"up": {"uv": [13.5, 4.5, 13, 3], "texture": "#0"},
				"down": {"uv": [13.5, 7, 13, 8.5], "texture": "#0"}
			}
		},
		{
			"name": "hexadecagon",
			"from": [8.75, 22.4, 6.75],
			"to": [11.25, 24.8, 9.25],
			"rotation": {"angle": -22.5, "axis": "z", "origin": [9.25, 22.8, 8]},
			"faces": {
				"north": {"uv": [7.5, 1.5, 9, 3], "texture": "#0"},
				"east": {"uv": [0, 8, 1.5, 9.5], "texture": "#0"},
				"south": {"uv": [1.5, 8, 3, 9.5], "texture": "#0"},
				"west": {"uv": [7, 8.5, 8.5, 10], "texture": "#0"},
				"up": {"uv": [10, 10, 8.5, 8.5], "texture": "#0"},
				"down": {"uv": [10, 3, 8.5, 4.5], "texture": "#0"}
			}
		},
		{
			"name": "hexadecagon",
			"from": [9.5, 24.8, 7.5],
			"to": [10.5, 25.3, 8.5],
			"rotation": {"angle": -22.5, "axis": "z", "origin": [9.25, 22.8, 8]},
			"faces": {
				"north": {"uv": [6.5, 14.5, 7, 15], "texture": "#0"},
				"east": {"uv": [7.5, 14.5, 8, 15], "texture": "#0"},
				"south": {"uv": [8, 14.5, 8.5, 15], "texture": "#0"},
				"west": {"uv": [8.5, 14.5, 9, 15], "texture": "#0"},
				"up": {"uv": [9.5, 15, 9, 14.5], "texture": "#0"},
				"down": {"uv": [10, 14.5, 9.5, 15], "texture": "#0"}
			}
		},
		{
			"name": "hexadecagon",
			"from": [9.75, 25.3, 7.75],
			"to": [10.25, 26.05, 8.25],
			"rotation": {"angle": -22.5, "axis": "z", "origin": [9.25, 22.8, 8]},
			"faces": {
				"north": {"uv": [10, 14.5, 10.5, 15], "texture": "#0"},
				"east": {"uv": [10.5, 14.5, 11, 15], "texture": "#0"},
				"south": {"uv": [11, 14.5, 11.5, 15], "texture": "#0"},
				"west": {"uv": [11.5, 14.5, 12, 15], "texture": "#0"},
				"up": {"uv": [12.5, 15, 12, 14.5], "texture": "#0"},
				"down": {"uv": [13, 14.5, 12.5, 15], "texture": "#0"}
			}
		},
		{
			"name": "hexadecagon",
			"from": [9.33434, 26.69705, 7.75],
			"to": [9.83434, 27.19705, 8.25],
			"rotation": {"angle": -45, "axis": "z", "origin": [8.83434, 24.19705, 8]},
			"faces": {
				"north": {"uv": [13, 14.5, 13.5, 15], "texture": "#0"},
				"east": {"uv": [13.5, 14.5, 14, 15], "texture": "#0"},
				"south": {"uv": [14.5, 14.5, 15, 15], "texture": "#0"},
				"west": {"uv": [14.5, 0, 15, 0.5], "texture": "#0"},
				"up": {"uv": [15, 1, 14.5, 0.5], "texture": "#0"},
				"down": {"uv": [15, 1, 14.5, 1.5], "texture": "#0"}
			}
		},
		{
			"name": "hexadecagon",
			"from": [2.5, 22.1, 7.55245],
			"to": [8.75, 23.1, 8.44755],
			"rotation": {"angle": 0, "axis": "x", "origin": [3.75, 22.6, 8]},
			"faces": {
				"north": {"uv": [5.5, 10, 8.5, 10.5], "texture": "#0"},
				"east": {"uv": [14.5, 1.5, 15, 2], "texture": "#0"},
				"south": {"uv": [8.5, 10, 11.5, 10.5], "texture": "#0"},
				"west": {"uv": [14.5, 2, 15, 2.5], "texture": "#0"},
				"up": {"uv": [13, 3.5, 10, 3], "texture": "#0"},
				"down": {"uv": [13, 3.5, 10, 4], "texture": "#0"}
			}
		},
		{
			"name": "hexadecagon",
			"from": [0.47194, 20.22464, 7.55245],
			"to": [3.07194, 21.22464, 8.44755],
			"rotation": {"angle": 22.5, "axis": "z", "origin": [-1.92806, 20.72464, 8]},
			"faces": {
				"north": {"uv": [4, 13.5, 5.5, 14], "texture": "#0"},
				"east": {"uv": [14.5, 2.5, 15, 3], "texture": "#0"},
				"south": {"uv": [5.5, 13.5, 7, 14], "texture": "#0"},
				"west": {"uv": [14.5, 6.5, 15, 7], "texture": "#0"},
				"up": {"uv": [10, 14, 8.5, 13.5], "texture": "#0"},
				"down": {"uv": [11.5, 13.5, 10, 14], "texture": "#0"}
			}
		},
		{
			"name": "hexadecagon",
			"from": [4.11261, 22.42298, 7.55245],
			"to": [6.86261, 23.42298, 8.44755],
			"rotation": {"angle": -22.5, "axis": "z", "origin": [4.61261, 22.92298, 8]},
			"faces": {
				"north": {"uv": [12.5, 13.5, 14, 14], "texture": "#0"},
				"east": {"uv": [14.5, 10, 15, 10.5], "texture": "#0"},
				"south": {"uv": [13.5, 3, 15, 3.5], "texture": "#0"},
				"west": {"uv": [14.5, 10.5, 15, 11], "texture": "#0"},
				"up": {"uv": [15, 4, 13.5, 3.5], "texture": "#0"},
				"down": {"uv": [15, 4, 13.5, 4.5], "texture": "#0"}
			}
		},
		{
			"name": "hexadecagon",
			"from": [2, 22.6, 6.55245],
			"to": [8.75, 23.6, 9.44755],
			"rotation": {"angle": 0, "axis": "x", "origin": [3.75, 23.1, 8]},
			"faces": {
				"north": {"uv": [8.5, 7.5, 12, 8], "texture": "#0"},
				"east": {"uv": [13.5, 7, 15, 7.5], "texture": "#0"},
				"south": {"uv": [8.5, 8, 12, 8.5], "texture": "#0"},
				"west": {"uv": [13.5, 7.5, 15, 8], "texture": "#0"},
				"up": {"uv": [5.5, 1.5, 2, 0], "texture": "#0"},
				"down": {"uv": [6.5, 1.5, 3, 3], "texture": "#0"}
			}
		},
		{
			"name": "hexadecagon",
			"from": [4.75, 23.6, 6.55245],
			"to": [8.75, 24.6, 9.44755],
			"rotation": {"angle": 0, "axis": "x", "origin": [4.25, 24.1, 8]},
			"faces": {
				"north": {"uv": [11.5, 11, 13.5, 11.5], "texture": "#0"},
				"east": {"uv": [13.5, 8, 15, 8.5], "texture": "#0"},
				"south": {"uv": [12.5, 12.5, 14.5, 13], "texture": "#0"},
				"west": {"uv": [13.5, 8.5, 15, 9], "texture": "#0"},
				"up": {"uv": [7.5, 1.5, 5.5, 0], "texture": "#0"},
				"down": {"uv": [2, 6.5, 0, 8], "texture": "#0"}
			}
		},
		{
			"name": "hexadecagon",
			"from": [6.75, 24.6, 6.55245],
			"to": [8.75, 25.6, 9.44755],
			"rotation": {"angle": 0, "axis": "x", "origin": [4, 25.1, 8]},
			"faces": {
				"north": {"uv": [14, 4.5, 15, 5], "texture": "#0"},
				"east": {"uv": [13.5, 9, 15, 9.5], "texture": "#0"},
				"south": {"uv": [14, 5, 15, 5.5], "texture": "#0"},
				"west": {"uv": [13.5, 9.5, 15, 10], "texture": "#0"},
				"up": {"uv": [4, 11.5, 3, 10], "texture": "#0"},
				"down": {"uv": [11, 8.5, 10, 10], "texture": "#0"}
			}
		},
		{
			"name": "hexadecagon",
			"from": [1.30291, 22.72031, 6.55],
			"to": [7.30291, 23.82031, 9.45],
			"rotation": {"angle": 22.5, "axis": "z", "origin": [2.55291, 23.32031, 8]},
			"faces": {
				"north": {"uv": [10, 4, 13, 4.5], "texture": "#0"},
				"east": {"uv": [13.5, 11, 15, 11.5], "texture": "#0"},
				"south": {"uv": [4, 10.5, 7, 11], "texture": "#0"},
				"west": {"uv": [0, 14, 1.5, 14.5], "texture": "#0"},
				"up": {"uv": [7, 5.5, 4, 4], "texture": "#0"},
				"down": {"uv": [7, 5.5, 4, 7], "texture": "#0"}
			}
		},
		{
			"name": "hexadecagon",
			"from": [0.95152, 19.09159, 6.55245],
			"to": [2.95152, 20.09159, 9.44755],
			"rotation": {"angle": 45, "axis": "z", "origin": [-1.79848, 19.59159, 8]},
			"faces": {
				"north": {"uv": [14, 5.5, 15, 6], "texture": "#0"},
				"east": {"uv": [2.5, 14, 4, 14.5], "texture": "#0"},
				"south": {"uv": [14, 6, 15, 6.5], "texture": "#0"},
				"west": {"uv": [4, 14, 5.5, 14.5], "texture": "#0"},
				"up": {"uv": [8, 12, 7, 10.5], "texture": "#0"},
				"down": {"uv": [9, 10.5, 8, 12], "texture": "#0"}
			}
		},
		{
			"name": "hexadecagon",
			"from": [-0.20749, 21.185, 6.55245],
			"to": [0.50251, 21.89, 9.44755],
			"rotation": {"angle": 0, "axis": "z", "origin": [0.29251, 18.13969, 8]},
			"faces": {
				"north": {"uv": [14.5, 11.5, 15, 12], "texture": "#0"},
				"east": {"uv": [5.5, 14, 7, 14.5], "texture": "#0"},
				"south": {"uv": [14.5, 12, 15, 12.5], "texture": "#0"},
				"west": {"uv": [8.5, 14, 10, 14.5], "texture": "#0"},
				"up": {"uv": [7.5, 15, 7, 13.5], "texture": "#0"},
				"down": {"uv": [2, 14, 1.5, 15.5], "texture": "#0"}
			}
		},
		{
			"name": "hexadecagon",
			"from": [8.76799, 25.69044, 6.55245],
			"to": [9.76799, 26.69044, 9.44755],
			"rotation": {"angle": -22.5, "axis": "z", "origin": [6.01799, 26.19044, 8]},
			"faces": {
				"north": {"uv": [14.5, 12.5, 15, 13], "texture": "#0"},
				"east": {"uv": [10, 14, 11.5, 14.5], "texture": "#0"},
				"south": {"uv": [14.5, 13, 15, 13.5], "texture": "#0"},
				"west": {"uv": [12.5, 14, 14, 14.5], "texture": "#0"},
				"up": {"uv": [14.5, 15.5, 14, 14], "texture": "#0"},
				"down": {"uv": [14.5, 0.5, 14, 2], "texture": "#0"}
			}
		}
	],
	"display": {
		"thirdperson_righthand": {
			"rotation": [0, -90, 0],
			"translation": [0, -3.5, 3.25]
		},
		"thirdperson_lefthand": {
			"rotation": [0, 90, 0],
			"translation": [0, -3.5, 3.25]
		},
		"firstperson_righthand": {
			"rotation": [0, -90, 0],
			"translation": [0.5, -2.75, 0],
			"scale": [0.75, 0.75, 0.75]
		},
		"firstperson_lefthand": {
			"rotation": [0, 90, 0],
			"translation": [0.5, -2.75, 0],
			"scale": [0.75, 0.75, 0.75]
		},
		"ground": {
			"scale": [0.75, 0.75, 0.75]
		},
		"gui": {
			"rotation": [0, -180, 45],
			"translation": [-4.5, -3.75, 0],
			"scale": [0.75, 0.75, 0.75]
		},
		"fixed": {
			"translation": [0.5, -5, 0],
			"scale": [0.75, 0.75, 0.75]
		}
	},
	"groups": [
		{
			"name": "Supernova",
			"origin": [8, 8, 8],
			"children": [
				{
					"name": "Handle",
					"origin": [17, 8, 15],
					"children": [0, 1, 2, 3, 4, 5, 6]
				},
				{
					"name": "Base",
					"origin": [8, 8, 8],
					"children": [
						{
							"name": "hexadecagon",
							"origin": [8, 8, 8],
							"children": [7, 8, 9, 10, 11, 12, 13, 14]
						}, 15, 16, 17, 18]
				},
				{
					"name": "Bomb",
					"origin": [8, 8, 8],
					"children": [19, 20, 21, 22]
				},
				{
					"name": "Pick",
					"origin": [8, 8, 8],
					"children": [23, 24, 25,
						{
							"name": "Top",
							"origin": [8, 8, 8],
							"children": [26, 27, 28, 29, 30, 31, 32]
						}
					]
				}
			]
		}
	]
}