{
	"credit": "Created by SickSnipes | https://cre8.systems",
	"texture_size": [64, 64],
	"textures": {
		"0": "item/valentine_skin",
		"particle": "item/valentine_skin"
	},
	"elements": [
		{
			"from": [7.75, -16, 7.75],
			"to": [9.25, -14, 9.25],
			"rotation": {"angle": 0, "axis": "y", "origin": [8.5, -15.5, 8.5]},
			"faces": {
				"north": {"uv": [2.75, 6.5, 3.25, 7], "texture": "#0"},
				"east": {"uv": [6.5, 4.75, 7, 5.25], "texture": "#0"},
				"south": {"uv": [1.75, 6.75, 2.25, 7.25], "texture": "#0"},
				"west": {"uv": [2.25, 6.75, 2.75, 7.25], "texture": "#0"},
				"up": {"uv": [7.25, 7.25, 6.75, 6.75], "texture": "#0"},
				"down": {"uv": [7.25, 1, 6.75, 1.5], "texture": "#0"}
			}
		},
		{
			"from": [8, -14, 8],
			"to": [9, 23, 9],
			"rotation": {"angle": 0, "axis": "y", "origin": [8.5, -13.5, 8.5]},
			"faces": {
				"north": {"uv": [0, 2.25, 0.25, 11.5], "texture": "#0"},
				"east": {"uv": [0.25, 2.25, 0.5, 11.5], "texture": "#0"},
				"south": {"uv": [0.5, 2.25, 0.75, 11.5], "texture": "#0"},
				"west": {"uv": [0.75, 2.25, 1, 11.5], "texture": "#0"},
				"up": {"uv": [5.5, 1.75, 5.25, 1.5], "texture": "#0"},
				"down": {"uv": [4.75, 5.5, 4.5, 5.75], "texture": "#0"}
			}
		},
		{
			"from": [4.5, 21, 7.5],
			"to": [6.5, 22, 9.5],
			"rotation": {"angle": 0, "axis": "y", "origin": [12.5, 29, 15.5]},
			"faces": {
				"north": {"uv": [5, 3.25, 5.5, 3.5], "texture": "#0"},
				"east": {"uv": [1, 7.5, 1.5, 7.75], "texture": "#0"},
				"south": {"uv": [2.75, 7.5, 3.25, 7.75], "texture": "#0"},
				"west": {"uv": [5.25, 7.5, 5.75, 7.75], "texture": "#0"},
				"up": {"uv": [7.25, 2, 6.75, 1.5], "texture": "#0"},
				"down": {"uv": [7.25, 6, 6.75, 6.5], "texture": "#0"}
			}
		},
		{
			"from": [10.5, 21, 7.5],
			"to": [12.5, 22, 9.5],
			"rotation": {"angle": 0, "axis": "y", "origin": [18.5, 29, 15.5]},
			"faces": {
				"north": {"uv": [5.75, 7.5, 6.25, 7.75], "texture": "#0"},
				"east": {"uv": [6.75, 7.5, 7.25, 7.75], "texture": "#0"},
				"south": {"uv": [7.25, 7.5, 7.75, 7.75], "texture": "#0"},
				"west": {"uv": [7.5, 3.25, 8, 3.5], "texture": "#0"},
				"up": {"uv": [1.5, 7.5, 1, 7], "texture": "#0"},
				"down": {"uv": [3.25, 7, 2.75, 7.5], "texture": "#0"}
			}
		},
		{
			"from": [12.5, 18, 7.5],
			"to": [13.5, 21, 9.5],
			"rotation": {"angle": 0, "axis": "y", "origin": [19.5, 29, 15.5]},
			"faces": {
				"north": {"uv": [1.5, 2.25, 1.75, 3], "texture": "#0"},
				"east": {"uv": [4.75, 1, 5.25, 1.75], "texture": "#0"},
				"south": {"uv": [1.5, 3, 1.75, 3.75], "texture": "#0"},
				"west": {"uv": [5, 2.5, 5.5, 3.25], "texture": "#0"},
				"up": {"uv": [6, 1.5, 5.75, 1], "texture": "#0"},
				"down": {"uv": [3, 6, 2.75, 6.5], "texture": "#0"}
			}
		},
		{
			"from": [3.5, 18, 7.5],
			"to": [4.5, 21, 9.5],
			"rotation": {"angle": 0, "axis": "y", "origin": [10.5, 29, 15.5]},
			"faces": {
				"north": {"uv": [6.5, 7, 6.75, 7.75], "texture": "#0"},
				"east": {"uv": [6, 4, 6.5, 4.75], "texture": "#0"},
				"south": {"uv": [2.5, 7.25, 2.75, 8], "texture": "#0"},
				"west": {"uv": [6, 4.75, 6.5, 5.5], "texture": "#0"},
				"up": {"uv": [3.5, 7, 3.25, 6.5], "texture": "#0"},
				"down": {"uv": [6.5, 7.5, 6.25, 8], "texture": "#0"}
			}
		},
		{
			"from": [4.5, 16, 7.5],
			"to": [5.5, 17, 9.5],
			"rotation": {"angle": 0, "axis": "y", "origin": [11.5, 27, 15.5]},
			"faces": {
				"north": {"uv": [1.5, 7, 1.75, 7.25], "texture": "#0"},
				"east": {"uv": [7.5, 3.5, 8, 3.75], "texture": "#0"},
				"south": {"uv": [4.25, 7, 4.5, 7.25], "texture": "#0"},
				"west": {"uv": [7.5, 5.25, 8, 5.5], "texture": "#0"},
				"up": {"uv": [7.75, 6, 7.5, 5.5], "texture": "#0"},
				"down": {"uv": [1.25, 7.75, 1, 8.25], "texture": "#0"}
			}
		},
		{
			"from": [11.5, 16, 7.5],
			"to": [12.5, 17, 9.5],
			"rotation": {"angle": 0, "axis": "y", "origin": [5.5, 27, 15.5]},
			"faces": {
				"north": {"uv": [6, 7.75, 6.25, 8], "texture": "#0"},
				"east": {"uv": [7.5, 7.25, 8, 7.5], "texture": "#0"},
				"south": {"uv": [1.25, 8, 1.5, 8.25], "texture": "#0"},
				"west": {"uv": [1.25, 7.75, 1.75, 8], "texture": "#0"},
				"up": {"uv": [2, 8.25, 1.75, 7.75], "texture": "#0"},
				"down": {"uv": [2.25, 7.75, 2, 8.25], "texture": "#0"}
			}
		},
		{
			"from": [5.5, 15, 7.5],
			"to": [6.5, 16, 9.5],
			"rotation": {"angle": 0, "axis": "y", "origin": [12.5, 26, 15.5]},
			"faces": {
				"north": {"uv": [1.5, 8, 1.75, 8.25], "texture": "#0"},
				"east": {"uv": [2.75, 7.75, 3.25, 8], "texture": "#0"},
				"south": {"uv": [2.5, 8, 2.75, 8.25], "texture": "#0"},
				"west": {"uv": [3.25, 7.75, 3.75, 8], "texture": "#0"},
				"up": {"uv": [2.5, 8.25, 2.25, 7.75], "texture": "#0"},
				"down": {"uv": [4, 7.75, 3.75, 8.25], "texture": "#0"}
			}
		},
		{
			"from": [10.5, 15, 7.5],
			"to": [11.5, 16, 9.5],
			"rotation": {"angle": 0, "axis": "y", "origin": [4.5, 26, 15.5]},
			"faces": {
				"north": {"uv": [2.75, 8, 3, 8.25], "texture": "#0"},
				"east": {"uv": [4, 7.75, 4.5, 8], "texture": "#0"},
				"south": {"uv": [3, 8, 3.25, 8.25], "texture": "#0"},
				"west": {"uv": [4.5, 7.75, 5, 8], "texture": "#0"},
				"up": {"uv": [5.25, 8.25, 5, 7.75], "texture": "#0"},
				"down": {"uv": [5.5, 7.75, 5.25, 8.25], "texture": "#0"}
			}
		},
		{
			"from": [6.5, 14, 8],
			"to": [7.5, 15, 9],
			"rotation": {"angle": 0, "axis": "y", "origin": [13.5, 25, 15]},
			"faces": {
				"north": {"uv": [3.25, 8, 3.5, 8.25], "texture": "#0"},
				"east": {"uv": [3.5, 8, 3.75, 8.25], "texture": "#0"},
				"south": {"uv": [4, 8, 4.25, 8.25], "texture": "#0"},
				"west": {"uv": [4.25, 8, 4.5, 8.25], "texture": "#0"},
				"up": {"uv": [4.75, 8.25, 4.5, 8], "texture": "#0"},
				"down": {"uv": [5, 8, 4.75, 8.25], "texture": "#0"}
			}
		},
		{
			"from": [9.5, 14, 8],
			"to": [10.5, 15, 9],
			"rotation": {"angle": 0, "axis": "y", "origin": [3.5, 25, 15]},
			"faces": {
				"north": {"uv": [5.5, 8, 5.75, 8.25], "texture": "#0"},
				"east": {"uv": [5.75, 8, 6, 8.25], "texture": "#0"},
				"south": {"uv": [6, 8, 6.25, 8.25], "texture": "#0"},
				"west": {"uv": [6.25, 8, 6.5, 8.25], "texture": "#0"},
				"up": {"uv": [6.75, 8.25, 6.5, 8], "texture": "#0"},
				"down": {"uv": [7, 8, 6.75, 8.25], "texture": "#0"}
			}
		},
		{
			"from": [4.5, 20, 6.5],
			"to": [7.5, 21, 10.5],
			"rotation": {"angle": 0, "axis": "y", "origin": [12.5, 28, 15.5]},
			"faces": {
				"north": {"uv": [1, 3.75, 1.75, 4], "texture": "#0"},
				"east": {"uv": [6.5, 5.25, 7.5, 5.5], "texture": "#0"},
				"south": {"uv": [7, 5, 7.75, 5.25], "texture": "#0"},
				"west": {"uv": [6.75, 6.5, 7.75, 6.75], "texture": "#0"},
				"up": {"uv": [6.5, 1, 5.75, 0], "texture": "#0"},
				"down": {"uv": [1.75, 6, 1, 7], "texture": "#0"}
			}
		},
		{
			"from": [4.5, 17, 6.5],
			"to": [12.5, 20, 10.5],
			"rotation": {"angle": 0, "axis": "y", "origin": [12.5, 27, 15.5]},
			"faces": {
				"north": {"uv": [1.75, 1, 3.75, 1.75], "texture": "#0"},
				"east": {"uv": [3.75, 1, 4.75, 1.75], "texture": "#0"},
				"south": {"uv": [3.5, 1.75, 5.5, 2.5], "texture": "#0"},
				"west": {"uv": [1.75, 6, 2.75, 6.75], "texture": "#0"},
				"up": {"uv": [3.75, 1, 1.75, 0], "texture": "#0"},
				"down": {"uv": [5.5, 3.5, 3.5, 4.5], "texture": "#0"}
			}
		},
		{
			"from": [5.5, 16, 6.5],
			"to": [11.5, 17, 10.5],
			"rotation": {"angle": 0, "axis": "y", "origin": [12.5, 26, 15.5]},
			"faces": {
				"north": {"uv": [6, 5.5, 7.5, 5.75], "texture": "#0"},
				"east": {"uv": [3.25, 7, 4.25, 7.25], "texture": "#0"},
				"south": {"uv": [6, 5.75, 7.5, 6], "texture": "#0"},
				"west": {"uv": [7, 2, 8, 2.25], "texture": "#0"},
				"up": {"uv": [5, 3.5, 3.5, 2.5], "texture": "#0"},
				"down": {"uv": [5.25, 0, 3.75, 1], "texture": "#0"}
			}
		},
		{
			"from": [6.5, 15, 6.5],
			"to": [10.5, 16, 10.5],
			"rotation": {"angle": 0, "axis": "y", "origin": [12.5, 25, 15.5]},
			"faces": {
				"north": {"uv": [7, 2.25, 8, 2.5], "texture": "#0"},
				"east": {"uv": [7, 2.5, 8, 2.75], "texture": "#0"},
				"south": {"uv": [7, 2.75, 8, 3], "texture": "#0"},
				"west": {"uv": [7, 3, 8, 3.25], "texture": "#0"},
				"up": {"uv": [2, 6, 1, 5], "texture": "#0"},
				"down": {"uv": [3, 5, 2, 6], "texture": "#0"}
			}
		},
		{
			"from": [7.5, 14, 7.5],
			"to": [9.5, 15, 9.5],
			"rotation": {"angle": 0, "axis": "y", "origin": [12.5, 24, 15.5]},
			"faces": {
				"north": {"uv": [5.5, 7.75, 6, 8], "texture": "#0"},
				"east": {"uv": [6.5, 7.75, 7, 8], "texture": "#0"},
				"south": {"uv": [7, 7.75, 7.5, 8], "texture": "#0"},
				"west": {"uv": [7.5, 7.75, 8, 8], "texture": "#0"},
				"up": {"uv": [6.5, 7.5, 6, 7], "texture": "#0"},
				"down": {"uv": [7.5, 3.25, 7, 3.75], "texture": "#0"}
			}
		},
		{
			"from": [9.5, 20, 6.5],
			"to": [12.5, 21, 10.5],
			"rotation": {"angle": 0, "axis": "y", "origin": [17.5, 28, 15.5]},
			"faces": {
				"north": {"uv": [5.25, 7.25, 6, 7.5], "texture": "#0"},
				"east": {"uv": [7, 3.75, 8, 4], "texture": "#0"},
				"south": {"uv": [6.75, 7.25, 7.5, 7.5], "texture": "#0"},
				"west": {"uv": [7, 4.75, 8, 5], "texture": "#0"},
				"up": {"uv": [6.75, 7, 6, 6], "texture": "#0"},
				"down": {"uv": [6.75, 1, 6, 2], "texture": "#0"}
			}
		},
		{
			"from": [7.5, 20, 7.5],
			"to": [9.5, 21, 9.5],
			"rotation": {"angle": 0, "axis": "y", "origin": [15.5, 28, 15.5]},
			"faces": {
				"north": {"uv": [7.75, 0, 8.25, 0.25], "texture": "#0"},
				"east": {"uv": [7.75, 0.25, 8.25, 0.5], "texture": "#0"},
				"south": {"uv": [7.75, 0.5, 8.25, 0.75], "texture": "#0"},
				"west": {"uv": [7.75, 0.75, 8.25, 1], "texture": "#0"},
				"up": {"uv": [2, 7.75, 1.5, 7.25], "texture": "#0"},
				"down": {"uv": [2.5, 7.25, 2, 7.75], "texture": "#0"}
			}
		},
		{
			"from": [0, 20, 8],
			"to": [5, 21, 9],
			"rotation": {"angle": -22.5, "axis": "z", "origin": [4.5, 20.5, 9]},
			"faces": {
				"north": {"uv": [4.75, 4.5, 6, 4.75], "texture": "#0"},
				"east": {"uv": [7, 8, 7.25, 8.25], "texture": "#0"},
				"south": {"uv": [6.5, 0, 7.75, 0.25], "texture": "#0"},
				"west": {"uv": [7.25, 8, 7.5, 8.25], "texture": "#0"},
				"up": {"uv": [7.75, 0.5, 6.5, 0.25], "texture": "#0"},
				"down": {"uv": [7.75, 0.5, 6.5, 0.75], "texture": "#0"}
			}
		},
		{
			"from": [-0.025, 16.05, 8.5],
			"to": [4.975, 20.05, 8.5],
			"rotation": {"angle": -22.5, "axis": "z", "origin": [4.475, 20.55, 9]},
			"faces": {
				"north": {"uv": [1, 4, 2.25, 5], "texture": "#0"},
				"east": {"uv": [0, 0, 0, 1], "texture": "#0"},
				"south": {"uv": [2.25, 4, 3.5, 5], "texture": "#0"},
				"west": {"uv": [0, 0, 0, 1], "texture": "#0"},
				"up": {"uv": [1.25, 0, 0, 0], "texture": "#0"},
				"down": {"uv": [1.25, 0, 0, 0], "texture": "#0"}
			}
		},
		{
			"from": [-2.23671, 21.65573, 8.125],
			"to": [0.76329, 22.40573, 8.875],
			"rotation": {"angle": 22.5, "axis": "z", "origin": [0.26329, 22.03073, 9]},
			"faces": {
				"north": {"uv": [7.25, 1, 8, 1.25], "texture": "#0"},
				"east": {"uv": [7.5, 8, 7.75, 8.25], "texture": "#0"},
				"south": {"uv": [7.25, 1.25, 8, 1.5], "texture": "#0"},
				"west": {"uv": [7.75, 8, 8, 8.25], "texture": "#0"},
				"up": {"uv": [8, 1.75, 7.25, 1.5], "texture": "#0"},
				"down": {"uv": [8, 1.75, 7.25, 2], "texture": "#0"}
			}
		},
		{
			"from": [-3.33671, 19.70573, 8.5],
			"to": [0.66329, 21.70573, 8.5],
			"rotation": {"angle": 22.5, "axis": "z", "origin": [0.16329, 22.20573, 9]},
			"faces": {
				"north": {"uv": [6, 2, 7, 2.5], "texture": "#0"},
				"east": {"uv": [0, 0, 0, 0.5], "texture": "#0"},
				"south": {"uv": [6, 2.5, 7, 3], "texture": "#0"},
				"west": {"uv": [0, 0, 0, 0.5], "texture": "#0"},
				"up": {"uv": [1, 0, 0, 0], "texture": "#0"},
				"down": {"uv": [1, 0, 0, 0], "texture": "#0"}
			}
		},
		{
			"from": [-3.62567, 20.84037, 8.275],
			"to": [-1.62567, 21.51537, 8.75],
			"rotation": {"angle": -22.5, "axis": "z", "origin": [-2.12567, 21.26537, 9]},
			"faces": {
				"north": {"uv": [7.75, 4, 8.25, 4.25], "texture": "#0"},
				"east": {"uv": [8, 8, 8.25, 8.25], "texture": "#0"},
				"south": {"uv": [7.75, 4.25, 8.25, 4.5], "texture": "#0"},
				"west": {"uv": [8, 1, 8.25, 1.25], "texture": "#0"},
				"up": {"uv": [8.25, 4.75, 7.75, 4.5], "texture": "#0"},
				"down": {"uv": [8.25, 5, 7.75, 5.25], "texture": "#0"}
			}
		},
		{
			"from": [-3.57567, 18.84037, 8.5],
			"to": [-1.57567, 20.84037, 8.5],
			"rotation": {"angle": -22.5, "axis": "z", "origin": [-2.07567, 21.34037, 9]},
			"faces": {
				"north": {"uv": [3.25, 7.25, 3.75, 7.75], "texture": "#0"},
				"east": {"uv": [0, 0, 0, 0.5], "texture": "#0"},
				"south": {"uv": [3.75, 7.25, 4.25, 7.75], "texture": "#0"},
				"west": {"uv": [0, 0, 0, 0.5], "texture": "#0"},
				"up": {"uv": [0.5, 0, 0, 0], "texture": "#0"},
				"down": {"uv": [0.5, 0, 0, 0], "texture": "#0"}
			}
		},
		{
			"from": [11, 20, 8],
			"to": [16, 21, 9],
			"rotation": {"angle": 22.5, "axis": "z", "origin": [11.5, 20.5, 9]},
			"faces": {
				"north": {"uv": [6, 4.5, 4.75, 4.75], "texture": "#0"},
				"east": {"uv": [7.5, 8, 7.25, 8.25], "texture": "#0"},
				"south": {"uv": [7.75, 0, 6.5, 0.25], "texture": "#0"},
				"west": {"uv": [7.25, 8, 7, 8.25], "texture": "#0"},
				"up": {"uv": [6.5, 0.5, 7.75, 0.25], "texture": "#0"},
				"down": {"uv": [6.5, 0.5, 7.75, 0.75], "texture": "#0"}
			}
		},
		{
			"from": [11.025, 16.05, 8.5],
			"to": [16.025, 20.05, 8.5],
			"rotation": {"angle": 22.5, "axis": "z", "origin": [11.525, 20.55, 9]},
			"faces": {
				"north": {"uv": [2.25, 4, 1, 5], "texture": "#0"},
				"east": {"uv": [0, 0, 0, 1], "texture": "#0"},
				"south": {"uv": [3.5, 4, 2.25, 5], "texture": "#0"},
				"west": {"uv": [0, 0, 0, 1], "texture": "#0"},
				"up": {"uv": [0, 0, 1.25, 0], "texture": "#0"},
				"down": {"uv": [0, 0, 1.25, 0], "texture": "#0"}
			}
		},
		{
			"from": [15.23671, 21.65573, 8.125],
			"to": [18.23671, 22.40573, 8.875],
			"rotation": {"angle": -22.5, "axis": "z", "origin": [15.73671, 22.03073, 9]},
			"faces": {
				"north": {"uv": [8, 1, 7.25, 1.25], "texture": "#0"},
				"east": {"uv": [8, 8, 7.75, 8.25], "texture": "#0"},
				"south": {"uv": [8, 1.25, 7.25, 1.5], "texture": "#0"},
				"west": {"uv": [7.75, 8, 7.5, 8.25], "texture": "#0"},
				"up": {"uv": [7.25, 1.75, 8, 1.5], "texture": "#0"},
				"down": {"uv": [7.25, 1.75, 8, 2], "texture": "#0"}
			}
		},
		{
			"from": [15.33671, 19.70573, 8.5],
			"to": [19.33671, 21.70573, 8.5],
			"rotation": {"angle": -22.5, "axis": "z", "origin": [15.83671, 22.20573, 9]},
			"faces": {
				"north": {"uv": [7, 2, 6, 2.5], "texture": "#0"},
				"east": {"uv": [0, 0, 0, 0.5], "texture": "#0"},
				"south": {"uv": [7, 2.5, 6, 3], "texture": "#0"},
				"west": {"uv": [0, 0, 0, 0.5], "texture": "#0"},
				"up": {"uv": [0, 0, 1, 0], "texture": "#0"},
				"down": {"uv": [0, 0, 1, 0], "texture": "#0"}
			}
		},
		{
			"from": [17.62567, 20.84037, 8.275],
			"to": [19.62567, 21.51537, 8.75],
			"rotation": {"angle": 22.5, "axis": "z", "origin": [18.12567, 21.26537, 9]},
			"faces": {
				"north": {"uv": [8.25, 4, 7.75, 4.25], "texture": "#0"},
				"east": {"uv": [8.25, 1, 8, 1.25], "texture": "#0"},
				"south": {"uv": [8.25, 4.25, 7.75, 4.5], "texture": "#0"},
				"west": {"uv": [8.25, 8, 8, 8.25], "texture": "#0"},
				"up": {"uv": [7.75, 4.75, 8.25, 4.5], "texture": "#0"},
				"down": {"uv": [7.75, 5, 8.25, 5.25], "texture": "#0"}
			}
		},
		{
			"from": [17.57567, 18.84037, 8.5],
			"to": [19.57567, 20.84037, 8.5],
			"rotation": {"angle": 22.5, "axis": "z", "origin": [18.07567, 21.34037, 9]},
			"faces": {
				"north": {"uv": [3.75, 7.25, 3.25, 7.75], "texture": "#0"},
				"east": {"uv": [0, 0, 0, 0.5], "texture": "#0"},
				"south": {"uv": [4.25, 7.25, 3.75, 7.75], "texture": "#0"},
				"west": {"uv": [0, 0, 0, 0.5], "texture": "#0"},
				"up": {"uv": [0, 0, 0.5, 0], "texture": "#0"},
				"down": {"uv": [0, 0, 0.5, 0], "texture": "#0"}
			}
		},
		{
			"from": [9, 22, 8],
			"to": [10, 27, 9],
			"rotation": {"angle": 0, "axis": "y", "origin": [17, 30, 16]},
			"faces": {
				"north": {"uv": [8.5, 0, 8.75, 1.25], "texture": "#0"},
				"east": {"uv": [14.25, 8.25, 14.5, 9.5], "texture": "#0"},
				"south": {"uv": [15, 5.5, 15.25, 6.75], "texture": "#0"},
				"west": {"uv": [0, 0, 0.25, 1.25], "texture": "#0"},
				"up": {"uv": [11, 3.75, 11.25, 4], "texture": "#0"},
				"down": {"uv": [15.75, 14, 16, 14.25], "texture": "#0"}
			}
		},
		{
			"from": [8, 23, 8],
			"to": [9, 30, 9],
			"rotation": {"angle": 0, "axis": "y", "origin": [16, 31, 16]},
			"faces": {
				"north": {"uv": [8.75, 0, 9, 1.75], "texture": "#0"},
				"east": {"uv": [15, 9.75, 15.25, 11.5], "texture": "#0"},
				"south": {"uv": [5.5, 12, 5.75, 13.75], "texture": "#0"},
				"west": {"uv": [10.75, 2.5, 11, 4.25], "texture": "#0"},
				"up": {"uv": [14.5, 11.75, 14.75, 12], "texture": "#0"},
				"down": {"uv": [0, 0, 0.25, 0.25], "texture": "#0"}
			}
		},
		{
			"from": [7, 22, 8],
			"to": [8, 27, 9],
			"rotation": {"angle": 0, "axis": "y", "origin": [15, 30, 16]},
			"faces": {
				"north": {"uv": [10.25, 0, 10.5, 1.25], "texture": "#0"},
				"east": {"uv": [0, 0, 0.25, 1.25], "texture": "#0"},
				"south": {"uv": [12.25, 10, 12.5, 11.25], "texture": "#0"},
				"west": {"uv": [12.5, 2.5, 12.75, 3.75], "texture": "#0"},
				"up": {"uv": [15.75, 9.75, 16, 10], "texture": "#0"},
				"down": {"uv": [7, 11.5, 7.25, 11.75], "texture": "#0"}
			}
		},
		{
			"from": [6, 23, 8],
			"to": [7, 25, 9],
			"rotation": {"angle": 0, "axis": "y", "origin": [14, 30, 16]},
			"faces": {
				"north": {"uv": [12.5, 0, 12.75, 0.5], "texture": "#0"},
				"east": {"uv": [0, 0, 0.25, 0.5], "texture": "#0"},
				"south": {"uv": [2.75, 9.5, 3, 10], "texture": "#0"},
				"west": {"uv": [11.75, 7.5, 12, 8], "texture": "#0"},
				"up": {"uv": [3.5, 9, 3.75, 9.25], "texture": "#0"},
				"down": {"uv": [6.25, 10, 6.5, 10.25], "texture": "#0"}
			}
		},
		{
			"from": [10, 23, 8],
			"to": [11, 25, 9],
			"rotation": {"angle": 0, "axis": "y", "origin": [18, 30, 16]},
			"faces": {
				"north": {"uv": [8.25, 0, 8.5, 0.5], "texture": "#0"},
				"east": {"uv": [13.5, 9.5, 13.75, 10], "texture": "#0"},
				"south": {"uv": [4.75, 10.5, 5, 11], "texture": "#0"},
				"west": {"uv": [0, 0, 0.25, 0.5], "texture": "#0"},
				"up": {"uv": [7, 9.5, 7.25, 9.75], "texture": "#0"},
				"down": {"uv": [2.5, 10, 2.75, 10.25], "texture": "#0"}
			}
		},
		{
			"from": [6, -12, 8],
			"to": [7, -10, 9],
			"rotation": {"angle": 0, "axis": "y", "origin": [14, -5, 16]},
			"faces": {
				"north": {"uv": [0, 0.75, 0.25, 1.25], "texture": "#0"},
				"east": {"uv": [0, 0, 0.25, 0.5], "texture": "#0"},
				"south": {"uv": [0, 0.75, 0.25, 1.25], "texture": "#0"},
				"west": {"uv": [0, 0.75, 0.25, 1.25], "texture": "#0"},
				"up": {"uv": [0, 0, 0.25, 0.25], "texture": "#0"},
				"down": {"uv": [0, 1, 0.25, 1.25], "texture": "#0"}
			}
		},
		{
			"from": [7, -13, 8],
			"to": [8, -8, 9],
			"rotation": {"angle": 0, "axis": "y", "origin": [15, -5, 16]},
			"faces": {
				"north": {"uv": [0, 0, 0.25, 1.25], "texture": "#0"},
				"east": {"uv": [0, 0, 0.25, 1.25], "texture": "#0"},
				"south": {"uv": [0, 0, 0.25, 1.25], "texture": "#0"},
				"west": {"uv": [0, 0, 0.25, 1.25], "texture": "#0"},
				"up": {"uv": [0, 0, 0.25, 0.25], "texture": "#0"},
				"down": {"uv": [0, 0, 0.25, 0.25], "texture": "#0"}
			}
		},
		{
			"from": [8, -12, 6],
			"to": [9, -10, 7],
			"rotation": {"angle": 0, "axis": "y", "origin": [8.5, -10.75, 7]},
			"faces": {
				"north": {"uv": [0, 0.75, 0.25, 1.25], "texture": "#0"},
				"east": {"uv": [0, 0.75, 0.25, 1.25], "texture": "#0"},
				"south": {"uv": [0, 0, 0.25, 0.5], "texture": "#0"},
				"west": {"uv": [0, 0.75, 0.25, 1.25], "texture": "#0"},
				"up": {"uv": [0, 0, 0.25, 0.25], "rotation": 90, "texture": "#0"},
				"down": {"uv": [0, 1, 0.25, 1.25], "rotation": 270, "texture": "#0"}
			}
		},
		{
			"from": [8, -12, 10],
			"to": [9, -10, 11],
			"rotation": {"angle": 0, "axis": "y", "origin": [8.5, -10.75, 10]},
			"faces": {
				"north": {"uv": [0, 0, 0.25, 0.5], "texture": "#0"},
				"east": {"uv": [0, 0.75, 0.25, 1.25], "texture": "#0"},
				"south": {"uv": [0, 0.75, 0.25, 1.25], "texture": "#0"},
				"west": {"uv": [0, 0.75, 0.25, 1.25], "texture": "#0"},
				"up": {"uv": [0, 0, 0.25, 0.25], "rotation": 270, "texture": "#0"},
				"down": {"uv": [0, 1, 0.25, 1.25], "rotation": 90, "texture": "#0"}
			}
		},
		{
			"from": [10, -12, 8],
			"to": [11, -10, 9],
			"rotation": {"angle": 0, "axis": "x", "origin": [10, -10.75, 8.5]},
			"faces": {
				"north": {"uv": [0, 0.75, 0.25, 1.25], "texture": "#0"},
				"east": {"uv": [0, 0.75, 0.25, 1.25], "texture": "#0"},
				"south": {"uv": [0, 0.75, 0.25, 1.25], "texture": "#0"},
				"west": {"uv": [0, 0, 0.25, 0.5], "texture": "#0"},
				"up": {"uv": [0, 0, 0.25, 0.25], "rotation": 180, "texture": "#0"},
				"down": {"uv": [0, 1, 0.25, 1.25], "rotation": 180, "texture": "#0"}
			}
		},
		{
			"from": [8, -13, 7],
			"to": [9, -8, 8],
			"rotation": {"angle": 0, "axis": "y", "origin": [8.5, -10.75, 7]},
			"faces": {
				"north": {"uv": [0, 0, 0.25, 1.25], "texture": "#0"},
				"east": {"uv": [0, 0, 0.25, 1.25], "texture": "#0"},
				"south": {"uv": [0, 0, 0.25, 1.25], "texture": "#0"},
				"west": {"uv": [0, 0, 0.25, 1.25], "texture": "#0"},
				"up": {"uv": [0, 0, 0.25, 0.25], "rotation": 90, "texture": "#0"},
				"down": {"uv": [0, 0, 0.25, 0.25], "rotation": 270, "texture": "#0"}
			}
		},
		{
			"from": [8, -13, 9],
			"to": [9, -8, 10],
			"rotation": {"angle": 0, "axis": "y", "origin": [8.5, -10.75, 10]},
			"faces": {
				"north": {"uv": [0, 0, 0.25, 1.25], "texture": "#0"},
				"east": {"uv": [0, 0, 0.25, 1.25], "texture": "#0"},
				"south": {"uv": [0, 0, 0.25, 1.25], "texture": "#0"},
				"west": {"uv": [0, 0, 0.25, 1.25], "texture": "#0"},
				"up": {"uv": [0, 0, 0.25, 0.25], "rotation": 270, "texture": "#0"},
				"down": {"uv": [0, 0, 0.25, 0.25], "rotation": 90, "texture": "#0"}
			}
		},
		{
			"from": [9, -13, 8],
			"to": [10, -8, 9],
			"rotation": {"angle": 0, "axis": "x", "origin": [10, -10.75, 8.5]},
			"faces": {
				"north": {"uv": [0, 0, 0.25, 1.25], "texture": "#0"},
				"east": {"uv": [0, 0, 0.25, 1.25], "texture": "#0"},
				"south": {"uv": [0, 0, 0.25, 1.25], "texture": "#0"},
				"west": {"uv": [0, 0, 0.25, 1.25], "texture": "#0"},
				"up": {"uv": [0, 0, 0.25, 0.25], "rotation": 180, "texture": "#0"},
				"down": {"uv": [0, 0, 0.25, 0.25], "rotation": 180, "texture": "#0"}
			}
		}
	],
	"display": {
		"thirdperson_righthand": {
			"rotation": [0, 90, 0],
			"translation": [0, 3.5, 1.75],
			"scale": [0.6, 0.6, 0.6]
		},
		"firstperson_righthand": {
			"rotation": [9, -88, 0],
			"translation": [0.25, 0, 0],
			"scale": [0.5, 0.5, 0.5]
		},
		"ground": {
			"translation": [0, 4, 0],
			"scale": [0.3, 0.3, 0.3]
		},
		"gui": {
			"rotation": [0, 0, -45],
			"scale": [0.4, 0.4, 0.4]
		},
		"fixed": {
			"rotation": [0, 0, 45],
			"translation": [0, 0, -1.25],
			"scale": [0.5, 0.5, 0.5]
		}
	},
	"groups": [
		{
			"name": "main",
			"origin": [8, 8, 8],
			"children": [
				{
					"name": "handle",
					"origin": [8, 8, 8],
					"children": [0, 1]
				},
				{
					"name": "heart",
					"origin": [8, 8, 8],
					"children": [2, 3, 4, 5, 6, 7, 8, 9, 10, 11, 12, 13, 14, 15, 16, 17, 18]
				},
				{
					"name": "wings",
					"origin": [8, 8, 8],
					"children": [
						{
							"name": "l",
							"origin": [8, 8, 8],
							"children": [19, 20, 21, 22, 23, 24]
						},
						{
							"name": "r",
							"origin": [8, 8, 8],
							"children": [25, 26, 27, 28, 29, 30]
						}
					]
				},
				{
					"name": "tip",
					"origin": [8.5, -7.25, 13.5],
					"children": [31, 32, 33, 34, 35]
				},
				{
					"name": "handle_feathers",
					"origin": [8, 8, 8],
					"children": [36, 37, 38, 39, 40, 41, 42, 43]
				}
			]
		}
	]
}